F3_beta,FC6_beta,P7_beta,T8_beta,F7_beta,F8_beta,T7_beta,P8_beta,F4_beta,AF3_beta,O2_beta,O1_beta,FC5_beta,id,label,F3_mu,FC6_mu,P7_mu,T8_mu,F7_mu,F8_mu,T7_mu,P8_mu,F4_mu,AF3_mu,O2_mu,O1_mu,FC5_mu
9.590238941988856,9.604363096913128,9.59080393823829,9.617209378336263,9.626227767742233,9.579534416082629,9.589990721322385,9.574996071253432,9.599296484575355,9.617036346644921,9.582804047977918,9.567983467067597,9.623327402650917,0,0,9.941135951509196,9.982150245351097,9.946640263977542,9.984438062305225,10.012896751823066,9.957457549468328,9.978088222474756,9.902074962690303,9.949354640157512,9.975738405868421,9.920496137255935,9.907506779258714,9.972017525640005
10.272986779638115,10.338012266941512,10.265471007190824,10.339489663226098,10.350626284865822,10.30722253753627,10.321789483570168,10.245132611320356,10.291902787588151,10.2815314996055,10.268789049850085,10.242162454938606,10.294057072850611,1,1,10.136823176743645,10.168443466828798,10.147616685893105,10.178475072392311,10.188831887582966,10.148808809607088,10.18557468480494,10.11765745749421,10.142686362897017,10.12042742248628,10.135964900029029,10.127309958987665,10.157041121989163
9.685493449454874,9.708121930539871,9.686064854404355,9.711364653216238,9.717879165713523,9.69779066933079,9.691321881358853,9.678608506702519,9.691413559756558,9.704346198209576,9.68843067081255,9.678658398855795,9.684668520454066,2,0,9.634708637385069,9.650193737798874,9.64298641038501,9.65087241033177,9.66190643237784,9.641468381273908,9.659974238825882,9.62977861846454,9.641816934349395,9.644196610320877,9.645297469283074,9.636402714323754,9.624257212750184
9.952124441353643,9.991042842366317,9.940493046167619,10.029456132878273,10.014824678005857,9.987531753728064,9.990027312104464,9.951700984915087,9.986410124632826,10.06266395182007,9.947619666924853,9.940601075732793,9.97497251147834,3,-1,10.57204410932006,10.62095357657489,10.563460266648809,10.656712565780772,10.642386529208569,10.608514115450088,10.614032893694414,10.559682826806922,10.602025502227413,10.69312955368795,10.571490304421589,10.550087841169702,10.596913804608578
9.939240550517932,9.971157042155731,9.932586180854729,9.978828105728196,9.979356586395488,9.959557332073254,9.985936337048006,9.923825363646838,9.940224742990313,9.925012578726486,9.93033567124952,9.921233580476748,9.950245403378508,4,0,10.271092779898465,10.302617954005834,10.267675463643634,10.30529299049596,10.328312683628836,10.282871097352196,10.312447523648887,10.250421611523667,10.269624520275075,10.26691974539256,10.261786986984482,10.250802354908874,10.294518991606367
9.890131320512381,9.934970128545311,9.904033979332226,9.927551189894373,9.940442693471786,9.912105571268652,9.955864293444805,9.888492356353282,9.912122147062867,9.875391530226471,9.901519924534291,9.895564242067847,9.916028762182519,5,1,10.147405978909054,10.192455443383867,10.147826957734898,10.190135692294739,10.203685965724754,10.169291181901443,10.194005309609254,10.129655459467896,10.16117501314658,10.129007406569453,10.14970768557996,10.135556313440512,10.162597448971011
9.74349284642528,9.744002844870813,9.74040228460621,9.691704491185225,9.742693466585827,9.749229802162493,9.724110635327815,9.727403065357654,9.742018507262587,9.711986629858464,9.739051712028937,9.733249887822017,9.742618143060591,6,0,10.149134214541737,10.174886383028515,10.152386981606815,10.136061924798302,10.178820235746992,10.16477571739939,10.15262378584603,10.129148406287712,10.156117609039185,10.124419021150985,10.15046125186911,10.134702663180164,10.137907405888779
9.545480670630697,9.551337899220844,9.545574305592075,9.548605617894747,9.56170522729896,9.558632534108508,9.579980493003156,9.525057592662,9.549361222392786,9.558619501613808,9.522734534319294,9.53947799976827,9.563874275404467,7,-1,9.772112237728606,9.78354436426382,9.751095628553474,9.768394548520051,9.790796248963657,9.781459376465287,9.770528425806464,9.743152002725841,9.788023472863893,9.782238463434497,9.764793372848851,9.755426475763173,9.776527975613906
9.809558196205003,9.840714426573088,9.812701634602064,9.849124291923218,9.851296273887865,9.828766618889354,9.865801926713363,9.804257017127464,9.826841004945667,9.843885311739152,9.820877625720103,9.806335950863764,9.81908509560674,8,0,9.842488113062188,9.87199085868466,9.845763276849027,9.883845541677813,9.871157115833574,9.86159313582062,9.873005268007931,9.843083734764301,9.859858640827971,9.866745391734526,9.836682955014524,9.829580136197649,9.833570827638802
10.048776553048022,10.089250913450735,10.05078144188178,10.079960633540272,10.100476302696205,10.07515772735912,10.102049521774402,10.042788383088492,10.053497652002491,10.085068155158343,10.05982167216574,10.040911791443673,10.049123394119778,9,1,10.097319220086195,10.127581081048492,10.15215718899794,10.14412341206918,10.15775274388517,10.123154447465163,10.176537228323522,10.106725723180508,10.093190079497436,10.115500213379788,10.129935656367994,10.120673439301962,10.109606448378187
9.872598027601077,9.91362610033564,9.898267254076133,9.916529101827287,9.91662718891749,9.90382534719681,9.900602147008867,9.856223252814507,9.886193578309683,9.876698673990433,9.870488000044586,9.848010791796229,9.8584015520538,10,0,10.196746810964703,10.243214741698024,10.197484551043761,10.239699680506128,10.250589022658646,10.228295667124913,10.212182916222343,10.156293811126925,10.215031506753784,10.199890836406489,10.163810274997626,10.138477232021451,10.17535145409512
9.902342658035698,9.940173719241477,9.906203610129051,9.946237491800083,9.94330437444126,9.92609599328313,9.940932265787435,9.889623752857688,9.916378194163713,9.869260045038079,9.895195103226268,9.896779488610765,9.88418533534489,11,-1,10.043877579652499,10.073945237808827,10.064655427863228,10.077409004494514,10.089645487980354,10.055052903663777,10.092735206244564,9.994210006311187,10.058116583923686,10.001991852793179,9.998413084204405,10.03242416993095,10.01505571692558
10.660136359333912,10.686493902377862,10.653597430741682,10.6810695177692,10.686716027282989,10.672032718427452,10.678441127955734,10.640243714343304,10.662261579792833,10.607970964049477,10.656043301266259,10.645114288665289,10.648991225745908,12,0,10.948632588761445,10.975190808771634,10.939055509156828,10.990466146166508,10.977878018203945,10.963504444932214,10.961563025035895,10.941868892321294,10.969453950560903,10.935030468427017,10.955601222781926,10.941227344051471,10.948643463034536
9.32614060185062,9.341107180283494,9.292732396219481,9.31834611112906,9.317060927236497,9.334296056323414,9.310401684415078,9.334578974836884,9.320164731814952,9.443218051102692,9.33632432247774,9.312051967667385,9.358684510898282,13,1,9.89858515946236,9.914944797099105,9.858961821868462,9.898393995069888,9.89938870798185,9.90975418113526,9.895535175291055,9.899549860500745,9.898901945047697,10.002033529657604,9.933426915078803,9.877321231931486,9.932020247503186
10.82907481201756,10.841492593348564,10.82358571536339,10.863504467764749,10.849771694712237,10.845669501773624,10.838137852656077,10.83425768718187,10.845564306954527,10.868261387657597,10.829821242217221,10.832396690956362,10.844385137062554,14,0,11.114628751048443,11.125412027867139,11.093494004644732,11.121022070687157,11.137317014881488,11.117010839808929,11.12081068932946,11.073347940540529,11.120789435732664,11.11063104796379,11.0879924823639,11.095955582574591,11.108204323273617
9.8426061710989,9.87359947593962,9.823858781751634,9.861929224441326,9.880776267216998,9.873833691794223,9.873143368577528,9.81637237896088,9.831459076794221,9.970095152148902,9.836952164044643,9.81153176296316,9.85072289600451,15,-1,10.339901649007214,10.38462284328359,10.305532656221922,10.369955518885797,10.391161859284571,10.366254339090974,10.367558133690936,10.303832322500963,10.335009281604163,10.449547442856035,10.36294320469431,10.309532163467384,10.338268110441168
11.064607817673801,11.086740846645537,11.047442890879267,11.091720946107914,11.091786299235153,11.077467772788342,11.086851282744338,11.046834601852975,11.07283651610791,11.075647387259128,11.058450127114986,11.04073493486421,11.05751303629216,16,0,11.108773773524405,11.164897112123024,11.088977434439922,11.184677529626075,11.184984329905044,11.138525566630936,11.166813077919063,11.084503366421949,11.122121571364406,11.083579521201763,11.108407947392754,11.067148600287222,11.08004430563127
8.959388833744134,8.914722326012548,8.967695554429334,8.881114195505829,8.897314290141898,8.937736525027344,8.919210091888104,8.963337998370505,8.904746802460213,9.133928591185423,8.97905508542417,8.975815002982548,9.029224015219143,17,1,9.171944489847556,9.105761226477984,9.165435777379042,9.05658678439988,9.102021303349677,9.138060197497305,9.114559756392737,9.132165134068758,9.103077410661061,9.335959771357674,9.145036777502623,9.166376471975402,9.227568524363543
9.426183415582997,9.420068076475614,9.423299753845406,9.365218955273642,9.419285668732371,9.41581915589267,9.405168946008166,9.421844450489091,9.431068164540385,9.422297308712213,9.419738412025056,9.436906764538909,9.453373380012215,18,0,9.604119113546856,9.59842534307565,9.574806518446726,9.533687553853401,9.5938148533668,9.594269959929838,9.56409091167217,9.59668888095668,9.612598170909997,9.60647071494349,9.60307304903648,9.598974048346482,9.629932694912982
9.43892332337903,9.44177206453809,9.4310828285125,9.446152749761115,9.444266316147832,9.432378574897417,9.44233113026907,9.431479075409325,9.444251245608807,9.38817421908268,9.428393390861388,9.42560780060507,9.440230664580032,19,-1,9.614247026774528,9.604341083488727,9.58041927813882,9.604420197935589,9.608522815890076,9.596149683415314,9.594113126156852,9.602202968880185,9.616605188660458,9.559862954654863,9.603834783444285,9.583824451968235,9.609826851424955
9.42956103587236,9.434006991272176,9.438945174958988,9.42693876572326,9.432126202893965,9.42756907754836,9.420379422333932,9.423555947423788,9.436153425594311,9.42712136074994,9.42740580388246,9.436741535404723,9.418152045600099,20,0,9.613261943080694,9.60480097274573,9.608744059807872,9.595650748362589,9.612405367439978,9.609425980951658,9.605038573499469,9.590531441846904,9.614092928630356,9.614141820052192,9.592361267470098,9.609026391672321,9.59067195822345
9.512496863111574,9.521119965082278,9.50347094806615,9.50144373687595,9.523520030379782,9.529929597040354,9.513409304070981,9.514600437926743,9.505567422779013,9.50714932260336,9.51143113321528,9.503903564136245,9.471903572296771,21,1,9.652799462637303,9.650584911512261,9.612393809814998,9.612476422473408,9.649367426143874,9.64244521093935,9.628430331014249,9.605787005068086,9.645567681146787,9.653058452799696,9.610117530862135,9.623613359120146,9.610729406355185
9.92314411986279,9.924992628624537,9.916464860729684,9.917677723106879,9.922601270471844,9.91013013395542,9.92939841155285,9.910105273828847,9.905498636600825,9.855435835284627,9.923316259056381,9.907903132843138,9.897575082417815,22,0,10.181359876801654,10.198656687808576,10.201443783422423,10.206810533641264,10.193442342986916,10.181430065918825,10.200005483095643,10.210479809918944,10.169622680314163,10.117137860625691,10.21909657960418,10.194544223672949,10.168877724536696
9.402712215458779,9.40962022579704,9.409401799770082,9.420041848584507,9.399806520991769,9.41138600166775,9.407006408201672,9.41071998901641,9.407146388032345,9.395869005906428,9.400524411348579,9.408134393291295,9.3897701101361,23,-1,9.59002895611486,9.587536870490538,9.566912905636372,9.593780767232225,9.578822435416997,9.588438067455668,9.574876204335638,9.587592344074542,9.59858770690494,9.582822026495148,9.596405225033108,9.577360395136276,9.576464253691382
9.427499330102075,9.431211406662904,9.457361389353792,9.429578840147311,9.4133693798084,9.429095341406093,9.43959838192025,9.428976118936054,9.432740218404286,9.4242550013665,9.430273632475805,9.445767253147027,9.436659575303509,24,0,9.608244048993553,9.62231629060648,9.61608758370551,9.62498178434241,9.593968033475885,9.610021342811327,9.602939862192521,9.637841852861065,9.627796883251564,9.605441147590735,9.62631406414729,9.601023595484351,9.616340571858835
9.420187780980463,9.417552943160363,9.439039934091328,9.43100722794651,9.433360196812005,9.422385100957658,9.444792885584786,9.432589613802195,9.422823647454711,9.428542665337643,9.426222099104201,9.428119952598259,9.431792308504825,25,1,9.61273638284434,9.622133103993235,9.59413510608474,9.618793924047315,9.608523004824951,9.614966152690235,9.591393153423402,9.612696220131731,9.622219815078076,9.617815384242252,9.620205863937676,9.585192841782332,9.620439174900145
9.41136482984019,9.414505160397278,9.432509869631849,9.41368360319038,9.419213456350624,9.419665945195986,9.424318754958975,9.418993843598098,9.41285211445891,9.41653447759837,9.41664935785559,9.42806728731854,9.423809637576591,26,0,9.583165837478319,9.574325772062656,9.618695039363667,9.568611407619409,9.585223065780122,9.581298277445187,9.58460942247979,9.563635850065634,9.580165311276435,9.584173452961522,9.559241454581734,9.598832513616406,9.586066869483277
9.394891133773259,9.396166303401836,9.397068366669094,9.409062723126745,9.395512392572504,9.387717083845786,9.403625962565616,9.381324958566106,9.398316716072218,9.401415423925675,9.38108812517922,9.392028546317919,9.395258255595207,27,-1,9.58989363946245,9.588286530549265,9.550317893066712,9.59863549630142,9.58371470863523,9.581614986180218,9.56661156916866,9.552657859188942,9.603683960349843,9.59559541362863,9.544949598391817,9.560015379317484,9.582441643819017
9.653444911637823,9.665460486387481,9.643439019023523,9.645183784551154,9.66947079355465,9.659694993998857,9.678861581479994,9.654241741975397,9.657305943544628,9.669307428330887,9.655131118744533,9.648128281966162,9.668183363133542,28,0,9.916825043076178,9.93718757629005,9.922904231551176,9.921613418797978,9.94943330913767,9.929148136781125,9.950275408117315,9.916983127071276,9.921897359996837,9.923581640939455,9.904649765467195,9.90913965940168,9.919228984105597
9.80910674529841,9.838970669403638,9.794645412715797,9.858333943057467,9.843665971551411,9.828332725537397,9.840531377485371,9.82161966284254,9.833133157790012,9.759974348354701,9.812039910021136,9.800552066280776,9.79605287603979,29,1,10.226274477462082,10.240960390327276,10.206160800711707,10.265637661942053,10.26023709696314,10.238926201821025,10.253416021424545,10.212848335829362,10.240704527132575,10.192980042377414,10.216461460016498,10.205197576112914,10.206341559416778
10.031299788305688,10.046422244595325,9.995468487185518,10.064162579414988,10.053016000719206,10.03765237313732,10.052260640820814,10.029090748467175,10.024668568465641,10.030172719741493,10.034458011944823,10.005829180650792,10.004745588503837,30,0,10.46457754765711,10.473245600213572,10.405897858871517,10.481954175839292,10.481670147360738,10.462513928899961,10.470164355283861,10.434276588783138,10.463564932754373,10.445242294689924,10.453804558556438,10.418950734694207,10.430617486698777
9.947770948875688,9.970108295734176,9.911346599740178,9.998237408166457,9.987245978182875,9.967026487175316,9.976467884311527,9.943433729005353,9.96086898860743,9.988764082114722,9.941048769984942,9.932130354717312,9.924972863650977,31,-1,10.264187657697068,10.291207625458272,10.191208806553856,10.320697390074262,10.311430731189558,10.285081840376687,10.283954964639774,10.247483009838708,10.278743913594008,10.28777536638536,10.259573555624364,10.217250530821143,10.231065919120587
9.26392453039983,9.260377670593916,9.246855981068736,9.256543585683293,9.272504769969528,9.262203714917575,9.256961644740871,9.253581736411936,9.261093399409324,9.309727322486646,9.256763218149503,9.250732694704265,9.257613337339055,32,0,9.438548167067937,9.440783664857348,9.485781300062984,9.451931691019466,9.460106755330655,9.437009575977582,9.479738919018628,9.425886843110694,9.434495930182827,9.4787055946005,9.430967008622746,9.46818451283369,9.417987977201495
9.566502994469202,9.560235583429893,9.557687841804505,9.571113493999562,9.56610413456341,9.564265321178029,9.576974268026119,9.5619126334036,9.565551470245419,9.562505766693276,9.55866350597449,9.560437132838175,9.547879436633272,33,1,9.85046917603921,9.840417604487406,9.833079707188288,9.844891884074478,9.857369300154675,9.83641224885417,9.853799024879512,9.826005505785854,9.849053850216487,9.838500012051178,9.828919906049059,9.838074890154504,9.82437650584489
9.34208725509736,9.34171261508026,9.355987104827104,9.336789138132943,9.336052512879935,9.332657814483914,9.346442306502265,9.355282409348362,9.337701650658998,9.347208165808086,9.364487637452594,9.358143816554064,9.342004555802914,34,0,9.484928769279945,9.486088138667338,9.484134154969322,9.470183950863557,9.475795048138432,9.481776391422043,9.476496297950114,9.479431434632742,9.485110611313448,9.496527023231886,9.492989993371861,9.483480374977503,9.484532740975803
9.572045869602084,9.569610787075241,9.564086001814179,9.549390591093694,9.584709534350269,9.562337812928323,9.585280581721136,9.563421918398062,9.566646141640405,9.548719708729537,9.564173942626773,9.5648141931517,9.553189208944913,35,-1,9.7801921578386,9.783489454132527,9.79026881862293,9.761991757318512,9.789820199372258,9.759465340965749,9.789760687031984,9.779621286641346,9.768146190209404,9.747166251552292,9.768207776680418,9.782505479846654,9.75241098092501
9.513796695074404,9.535862306234698,9.519047367121559,9.515520395678998,9.46472615079643,9.500653107948057,9.413633034517364,9.515445053874545,9.503182780138426,9.506185439213581,9.515106447324722,9.50794969845677,9.482628169377021,36,0,9.614494741126663,9.632270109904926,9.596316783026248,9.620079502195772,9.556152568479535,9.606356162407987,9.492546250837792,9.62897210352379,9.602582142633164,9.602636343135526,9.597646543197913,9.58030573629081,9.57264201327433
9.440138856171396,9.448767265098978,9.452845345097668,9.453331729309884,9.453995974574346,9.451519540462986,9.451096549501727,9.446303383865871,9.446933845707894,9.45489336305964,9.436576536953872,9.444194608417947,9.46953374587958,37,1,9.625250115940466,9.631943413514596,9.62375854870598,9.628218832105322,9.633509210202204,9.630707308463926,9.625397644771416,9.621376928279131,9.631025454317033,9.637271908575073,9.633430897636376,9.61869605029243,9.649313127631519
9.423426876754466,9.418370200463688,9.42734146435408,9.411836260178987,9.43244448656874,9.420278667482666,9.4079564677747,9.428119039420737,9.424962109897997,9.427736785885491,9.432932521561328,9.430562022166797,9.405812547540133,38,0,9.5942320643161,9.59986865980939,9.596105895747602,9.59311961157454,9.604650548634696,9.59970231495188,9.58012639215329,9.603644932487613,9.605285798210387,9.597440993672196,9.603959731711898,9.596926726303876,9.579203962184513
9.461536419733319,9.469616402154482,9.450880950705875,9.463061749278406,9.467013088062536,9.469207696436817,9.459766701930374,9.45507507797339,9.469122000997883,9.460790574847234,9.450628539044994,9.452679083480415,9.475372422312704,39,-1,9.595300226533514,9.611999503912445,9.631675608523393,9.62258902965722,9.611134106908592,9.614092931416291,9.617868804647076,9.6375911091179,9.600084170937443,9.595413505093319,9.61525138213892,9.620970291968561,9.611288168633575
9.446008828955383,9.45086765481412,9.444127538537312,9.448106739211296,9.450672437715095,9.448055723666307,9.448853417256325,9.449914050475547,9.446480108609018,9.444484502259142,9.434292351196975,9.437837688788218,9.444629544644124,40,0,9.59367140759799,9.592412347064197,9.630468364320588,9.594329121255154,9.603371815760902,9.593850207271085,9.614987856051089,9.60745496359827,9.589777890752995,9.589705090114764,9.59420697165449,9.616850404639175,9.608706423422184
9.459639218902641,9.46241696768922,9.45672732820052,9.455207953873787,9.45689001786355,9.459588133791552,9.45779978952777,9.44720940775256,9.466306563722256,9.460720018093204,9.449387626062485,9.456922245847824,9.459154426971487,41,1,9.633653982313783,9.636182263796856,9.604654386744842,9.6320283123246,9.62089832976238,9.628364338565644,9.610724848663207,9.633226711668831,9.643934741388525,9.623383274213925,9.638522741411176,9.607811110892658,9.61659581224092
9.452134039742788,9.454412663462707,9.449859977518178,9.458865612760873,9.449843242108901,9.448147053772542,9.448344941228687,9.445994586562918,9.455107554169622,9.45039320767428,9.443835917814296,9.440521783831166,9.412223287712937,42,0,9.646161422931902,9.652892445727332,9.623678583676869,9.630828632161625,9.645761701805078,9.633760335121394,9.631612825287103,9.593974263685528,9.655568245442819,9.643959186527583,9.607228987434796,9.618770090186365,9.609402707725119
9.41734089913401,9.42062202618664,9.372340150254661,9.40594657914258,9.40210867777326,9.401742168877053,9.349947924338313,9.405089234815884,9.42801745033042,9.42189736721937,9.406368186315097,9.38532507085286,9.40926682085364,43,-1,9.543090008316291,9.547892937889172,9.53775493571319,9.566241229116189,9.536316506911554,9.542096314865473,9.550806643252033,9.594768763493452,9.549706038542212,9.541165637416936,9.590421534964797,9.550893278148898,9.554568529347273
9.474201903472292,9.488744404226674,9.470334258968263,9.502358648693045,9.477674395574779,9.48683081945716,9.480604316693743,9.481423056084342,9.482541389243112,9.46645832128887,9.483837094474783,9.474356764649412,9.474227845629526,44,0,9.610939258883112,9.623206275565227,9.617755789803539,9.639404105461912,9.611578511540776,9.621362789761209,9.60161591794674,9.638203522505083,9.614116125833277,9.60615715128161,9.63779601849613,9.61831042150152,9.605414489310181
9.574467412744294,9.571028540516501,9.54843895255385,9.561597978870036,9.568436442087512,9.569310469870548,9.555665928787885,9.555238886793553,9.570994683239855,9.544844121052208,9.57120712536918,9.555067514341443,9.555802629971867,45,1,9.768274696108792,9.767970003363988,9.75401881010134,9.762754717867507,9.770242145738047,9.770635198269453,9.761110544154784,9.76926697767221,9.766376137573008,9.742065008889442,9.764654384264636,9.74305602271247,9.7595890064334
9.460694165348208,9.456073651555801,9.455889001706211,9.458919737326877,9.443840846203699,9.460951893966891,9.422285606081662,9.456930202635457,9.457923448655745,9.487232050572937,9.455216037580495,9.45609180314096,9.46286671213773,46,0,9.5857052155066,9.582785033692357,9.597782180007087,9.589633880638637,9.561933026866013,9.577267080972145,9.547817896292718,9.586150537266125,9.583826971703012,9.605359361591054,9.596147713330497,9.602906589910386,9.59065195991658
9.785034391429873,9.784438512686322,9.773858353646942,9.791647403950982,9.798081287065113,9.779677152079794,9.798038606713657,9.7809082940789,9.778463576543551,9.722579849890339,9.785350833541568,9.782871304374995,9.749569816757417,47,-1,10.032971779558734,10.047948528212352,10.014038518440195,10.065298548934427,10.050177517978279,10.046445364288546,10.0470281405047,10.058066098745986,10.03988404495302,9.984057944600226,10.055918642749647,10.031665583381775,9.99000782348946
9.299905002643236,9.291763850043202,9.287956620389973,9.317592991444707,9.29024163703986,9.294460648181705,9.2603797579501,9.306227403510789,9.303321147440828,9.330020569265887,9.315397876625495,9.302876308529617,9.291627433658505,48,0,9.49446092771698,9.501635365521327,9.500906936348581,9.525403070720106,9.496913431920516,9.499492078497655,9.471530708023534,9.519884828946289,9.511214272610614,9.530616262799914,9.524402745439788,9.51145184974982,9.487546969692549
9.435939958138638,9.429496173121013,9.423351224984547,9.398582294614213,9.467252137981301,9.42156015002273,9.421360624548267,9.417973348516712,9.425270191854606,9.456712741380075,9.428205103557179,9.425411142683208,9.419287823772425,49,1,9.527274039078083,9.531192811689104,9.498185586380117,9.494796867927072,9.555147859296596,9.520157346202609,9.496605545424217,9.528684754658666,9.531497566061322,9.55015411771351,9.529603629960215,9.495452905703429,9.513641695196988
9.65901581962891,9.676512659693575,9.636773862708662,9.685246534464232,9.678869868575866,9.670136138046997,9.674643690554772,9.671850168506609,9.661147074205516,9.661821353560422,9.668287625230372,9.64822253409207,9.63895992751196,50,0,9.828567115345184,9.841320627399247,9.818765182861172,9.86148122927252,9.849808701138313,9.83743794870138,9.845228580140317,9.866648974305479,9.829803011377484,9.82234328551841,9.847573332799826,9.8240632369591,9.802150518100511
9.05160245015841,9.061205038660923,9.04193197939512,9.083162661708121,9.05926910155593,9.063211795022879,9.055929172613919,9.053590584556108,9.074762538955419,9.171620643062091,9.042456151338305,9.062045277822465,9.061018960480588,51,-1,9.300446978901842,9.327312677800288,9.26198689960977,9.35986794890262,9.318968338613415,9.329864409805031,9.29006221533016,9.323940549512553,9.336326052477977,9.415184214485798,9.311553402935129,9.276720079061446,9.300750883002758
9.28486801846067,9.296968816326128,9.285619935838355,9.309629718235676,9.284564499961345,9.28383257245844,9.31387717518724,9.303454707722686,9.300891175762446,9.314781557459364,9.297972722526092,9.286629907371198,9.274155331367108,52,0,9.46196816159138,9.458157350219539,9.47828877512323,9.486141058802518,9.456839016236788,9.46047796810638,9.478532753342217,9.477270957671825,9.470904849506224,9.490883729663961,9.463155341395725,9.462208601452343,9.45723657635776
9.471090365922018,9.47194185279829,9.460563558153593,9.474324972137131,9.477011309594635,9.478649670789235,9.454956012456966,9.474037189490826,9.474765515128563,9.453437753403417,9.482570475489338,9.471637077677812,9.472098048542586,53,1,9.69331780129878,9.692142287887746,9.703746179477264,9.71194691045448,9.70742534471943,9.697502542733755,9.704276633235265,9.722635862719333,9.693981927125364,9.677766523710346,9.71002472095765,9.692886342632741,9.69367248924822
9.434904748550904,9.444893354764599,9.423216066989204,9.442424728983134,9.437771446127716,9.441630349456743,9.443167484326343,9.438544182480426,9.444615886804423,9.443880778365182,9.43479902792779,9.435622560239977,9.430708891639457,54,0,9.615156688761584,9.621587460934405,9.600741303735578,9.619158293709113,9.607263631135362,9.610569485994986,9.613027828543126,9.625662973870309,9.632583306735839,9.613265413738501,9.62933349837163,9.620333957766288,9.597879826343735
9.342939890418856,9.354297711901967,9.34534810320327,9.369941912781087,9.367546671189334,9.356478346997644,9.370503827434186,9.35081536900706,9.359815613549527,9.356938194579653,9.340213351093443,9.342038151189131,9.353723525322497,55,-1,9.496922107385542,9.491182074718948,9.49356746958312,9.506703305145326,9.509304428204166,9.49152964074511,9.505469610623663,9.482758981397422,9.505306372666286,9.50602126476246,9.465070588819339,9.479130211820696,9.495435174353377
9.632172969949146,9.642546637639562,9.630477529890257,9.65669393646155,9.647207812514763,9.638136145342111,9.63947117370613,9.638190863465072,9.640474716601776,9.652142098173751,9.648691624507004,9.63652673381094,9.619002763053453,56,0,9.977245572408735,9.986381597532494,9.974782875075638,10.012411056150135,9.999675932756698,9.988699493653035,9.987097146142013,10.003802496778393,9.980227632712666,9.998756231224968,9.990774755724223,9.983322693258618,9.95955273292061
9.39917191863748,9.418673522982974,9.395910478402744,9.407689608073662,9.423839546357938,9.417753730428329,9.419986985752795,9.397083314230244,9.409042680948629,9.405216238722351,9.39259035839553,9.391006480669489,9.416415898695533,57,1,9.488231138324037,9.490796840059204,9.495019309556511,9.496568793632392,9.491062217817191,9.489180625503353,9.491973363398998,9.49978267383473,9.494516030490788,9.484685079700064,9.498394287821652,9.48904843472646,9.492671962584732
9.453951244506221,9.456970714103903,9.448746763103927,9.44622501090337,9.44292978658052,9.45092103284686,9.445252297447109,9.446013715312256,9.449443136005398,9.463195080765818,9.451702690305003,9.44527522431856,9.45470698470729,58,0,9.612843197174431,9.61782305055527,9.605154375394271,9.60608587833234,9.599524629731196,9.613287131646628,9.60079006047618,9.607286909375667,9.612067333651444,9.619433194801221,9.61168691718596,9.606730792956427,9.60910181527335
9.452118586367153,9.452156840862003,9.441727700046998,9.471683276360059,9.463161375635336,9.453803472446644,9.451093303213208,9.450983697986256,9.464384901541528,9.447542528070086,9.447595833472107,9.447208099750531,9.433893823494397,59,-1,9.652531967120405,9.650577693912666,9.633350251514843,9.663328592375612,9.664148090392155,9.645895596727978,9.645251427396714,9.638756439831049,9.66602108000592,9.642772573692591,9.636301067786334,9.639016220520222,9.63354527077107
9.512617326682902,9.49121586755728,9.51762260608122,9.518778145159125,9.48812086995812,9.511548926387974,9.482335146396906,9.517177733767348,9.533377575868775,9.414709769121714,9.498904389400394,9.516205993713166,9.455415173373334,60,0,9.699488519522033,9.683866154170213,9.713826238682875,9.727394200078795,9.67575300881368,9.699323870694084,9.667402947088997,9.7571030744829,9.722120573707837,9.594480326362369,9.736502387773102,9.72616149547597,9.639151713770788
9.418566618730022,9.443207697499407,9.429627786991245,9.406459822821809,9.442609602368226,9.431334112250832,9.418552197047463,9.41660169084361,9.419446298420713,9.415964741810468,9.424723910884971,9.42730888988818,9.43441080307767,61,1,9.678278790336355,9.719329468985068,9.645065273096849,9.675311336987448,9.696392755115047,9.697316347535008,9.661032456185877,9.674323702315322,9.68692738535774,9.677919879211181,9.676814386275813,9.647529385786934,9.683598084137413
9.628529734549442,9.636225993219037,9.629798306869999,9.631262613082834,9.63745026500427,9.638053543242554,9.633472493195299,9.649293365694296,9.62065770002616,9.62540599711319,9.64723895030662,9.634614917322331,9.62718959835255,62,0,9.719054311328616,9.709775003099793,9.73998117836211,9.687303939832642,9.720551017104091,9.713051845287533,9.724207023521789,9.695047017463644,9.704050491831294,9.71081190385906,9.719951931354652,9.741504518192093,9.716758556623216
9.260144265174096,9.261103140351254,9.244158841799827,9.273422390584603,9.275829649109637,9.26725831716531,9.264310634486595,9.256306468499798,9.272565237722324,9.327184380493447,9.253116585834444,9.248876767049769,9.275099620968858,63,-1,9.44321472029346,9.458692748993103,9.421246598848315,9.474742417504697,9.447454581170973,9.457270917024037,9.436141339544262,9.46103793615272,9.46924943256803,9.502897602702394,9.4587159982081,9.420204468007201,9.442957994985456
9.378027350657751,9.374810388991287,9.390238006307856,9.390876647091456,9.387769123252651,9.3836585756802,9.390986615784378,9.379094647998242,9.38305884547358,9.398632972900774,9.380454412858152,9.385400336332914,9.381421239109645,64,0,9.528019320932364,9.524788463637163,9.542419226165931,9.52396750919699,9.534584352632628,9.535387420923717,9.538044162001583,9.505246393350022,9.540098402171427,9.555230484377947,9.51566199119031,9.536847887432971,9.527896931529755
9.272968860191943,9.265089890696887,9.292059860970257,9.258081650873871,9.264753158303476,9.26756215087278,9.271450342363142,9.273208996143932,9.277461955203393,9.281526904234587,9.278543783768827,9.282331133718815,9.28889685066663,65,1,9.470231272761259,9.453998770514008,9.475347646165003,9.439008492315182,9.448711218703096,9.457535067775328,9.452293645609002,9.42525242585815,9.471811318182597,9.477591234141217,9.454529150598566,9.478374568153276,9.475124615134938
9.173668009778218,9.166041690368141,9.174344412878831,9.171452061962738,9.17002479405728,9.16413125083475,9.169627244276661,9.171174397361089,9.185640135185224,9.245824303971183,9.169541788795451,9.178433660665844,9.188865305941357,66,0,9.51811399796899,9.512768611457016,9.48503850375312,9.51497026719832,9.508772307183873,9.50742402427051,9.498601805984327,9.511269680288448,9.533934181929942,9.575566226882403,9.517057843881755,9.49863290354976,9.510348396790032
9.320986987270757,9.316042906703089,9.330244736412471,9.301898991412944,9.310971927271456,9.31408878030333,9.315310207728743,9.310584095591027,9.318619920970301,9.363195638500576,9.314830518241955,9.32414971757884,9.333594368508734,67,-1,9.461344000258466,9.458480556354097,9.453289519974842,9.438885247929296,9.444004643869874,9.459600670666143,9.44133877284148,9.441067534352815,9.46388785593879,9.509652953044439,9.43941777077324,9.448597195637923,9.468534596795855
9.535354898442561,9.539590028464474,9.546251972656993,9.547074775929644,9.543316271948886,9.544741198301352,9.547158276299621,9.542661313505008,9.543790032972334,9.540103593602153,9.54200119417519,9.544179888739318,9.529703469436507,68,0,9.654610362492473,9.654228068652841,9.700698628703902,9.66182854941669,9.67473779577879,9.662710675540898,9.690697773091863,9.64525822684965,9.655946347907046,9.661899719456402,9.649095998769958,9.67845723890171,9.658352526639787
9.53869503734872,9.541619720628761,9.527069999310028,9.548400208175572,9.54663405043123,9.538303993522144,9.550624548603858,9.545786526760633,9.542520851919996,9.512406865352826,9.544577580133437,9.533982895215289,9.530764402458614,69,1,9.741392403427094,9.740150530170792,9.736944980869673,9.752638000461817,9.75009897440601,9.738448681938594,9.755722769271411,9.747790013780849,9.741912213079344,9.710413727337295,9.74735520695764,9.74227129351901,9.72968395805751
9.756316112690236,9.752333181055935,9.752828476427727,9.740082235303351,9.759124056014734,9.752247406131946,9.758804172572516,9.745463946026979,9.74252548701748,9.718939486143167,9.760198400544393,9.753775302406256,9.743786432173087,70,0,9.866943074143693,9.85938505304983,9.90146721422221,9.857596501319104,9.873631230714723,9.863029349241229,9.886466063190523,9.877609605205798,9.848582167557675,9.83097117861509,9.88770344100742,9.88921249699618,9.859653203506012
9.491175194358437,9.490339803882138,9.495734101912976,9.479704196560089,9.48769151499571,9.483713160873895,9.49057847010696,9.485302619721912,9.487783659149711,9.478311836856129,9.484273163568327,9.493094385149554,9.491583706730891,71,-1,9.752699418077126,9.754412919899973,9.725003316638205,9.735881031962975,9.757256081656505,9.747834684232037,9.742479392094847,9.730277162513014,9.749992179199017,9.740899187796055,9.716212547807958,9.721774698806659,9.74307833419383
9.421757799511525,9.42146238315006,9.406351285031828,9.4095686862197,9.418340767085173,9.423616868748868,9.414058929485794,9.403274327200522,9.426132118484468,9.438715338318984,9.399271704696801,9.398856744891082,9.426077665572814,72,0,9.582520382046937,9.582498795469698,9.54648977757631,9.569028338601715,9.575029474551368,9.578301862233554,9.554229348762084,9.564462373695742,9.590435136772921,9.6012248251509,9.563754818978442,9.546946909557775,9.578630490125871
9.68041307318316,9.681638870584697,9.659568426579593,9.682837378269445,9.690905432883502,9.688155898471786,9.68392658502615,9.67194424726386,9.672629677116742,9.706373219437484,9.679670761447017,9.6698472063125,9.666588296396315,73,1,9.943442425837869,9.951690496825819,9.905794853992553,9.96536652127651,9.957302499068915,9.955104470455892,9.944364169953717,9.952622273149695,9.931135689498262,9.956797359542119,9.95219815043733,9.925515887073066,9.916323747020948
9.753193742587436,9.75964991928275,9.717788934342039,9.774494318539615,9.776619041889152,9.766831752382386,9.763994949871229,9.748199282534765,9.756642104185365,9.747775755288048,9.748155549968534,9.740036765669013,9.73411409747711,74,0,9.90397094533057,9.913028789854586,9.874065555219289,9.929578898590634,9.924627342139056,9.912847092562723,9.917657806581325,9.905617371257273,9.91107459929337,9.900469216917124,9.903243230648833,9.892875662823657,9.881919067126011
9.588316973983638,9.59673654650807,9.708227856921376,9.605572458428997,9.597863302229682,9.594989701802765,9.602542969689596,9.606128175420455,9.595722607492378,9.559067484011118,9.59278351751003,9.590907781428603,9.577246965756473,75,-1,9.576237809506898,9.579708248673862,9.648809382229295,9.591590803382292,9.57927852889998,9.580826927250083,9.576528452825231,9.603053406922337,9.587648377318882,9.54977163853299,9.588166832183417,9.571816270226103,9.566617259545634
9.616295598791465,9.624963000953777,9.613788782629937,9.64401172082566,9.633886888102051,9.623964305315976,9.631903620238383,9.62890809521787,9.622171316307188,9.606713759126404,9.633432653733562,9.62532269212602,9.60158244580833,76,0,9.846943146275809,9.850576623672483,9.809259493387806,9.864119785125805,9.86392450652788,9.85507719620663,9.843528248792532,9.834638706680126,9.851079514303263,9.839808859663426,9.836874789367233,9.824625993841346,9.821464020344457
8.911319914409559,8.909690996935211,8.929722920991177,8.89958481550857,8.89667776666058,8.915991912168243,8.905453160797116,8.914698597531064,8.916529781616672,9.109393430368323,8.917641741296322,8.915960720253729,8.955318698004957,77,1,9.18124265558087,9.184540377431897,9.139225208068279,9.176406322987432,9.166598770993582,9.187705900140712,9.157533936172877,9.172402549437699,9.18996308908614,9.374942996667574,9.187742122157843,9.152171423754645,9.200563236299866
9.278321198057952,9.271976181992963,9.284995986555089,9.27727474534264,9.308367964053701,9.274579786650582,9.280071123779715,9.275285475138158,9.27357923714722,10.230789873905909,9.271715995968147,9.28208738578125,9.290726256563833,78,0,9.56396476561667,9.567278558296476,9.545742775402845,9.56573431549983,9.592444997791537,9.566353607465533,9.557475528011551,9.551450941306523,9.56875728909456,10.500668541690462,9.55420948173429,9.560365139542395,9.566177984472159
9.369652399028434,9.381353582996615,9.376114689110263,9.381212150290725,9.378081721429956,9.378419267994877,9.382687159163847,9.377637016605847,9.376928567329696,9.395165005953654,9.37834878875771,9.376373658279975,9.374808864825347,79,-1,9.504279390239084,9.514816282126798,9.506898750476175,9.518457641182547,9.511085917253139,9.513627150701573,9.520625651552493,9.521319956932826,9.511311510482193,9.524776924116976,9.51268073056837,9.508237472854212,9.512201257794478
9.183109219885996,9.184743522363604,9.188294586209151,9.194001485925082,9.177818494597963,9.18039796001958,9.177494441465193,9.190647662873632,9.185507594134542,9.179468358179147,9.188954877679038,9.1874713363754,9.19140782568116,80,0,9.337781430085451,9.318748985741836,9.345468853581645,9.335302314892232,9.32858669233182,9.311532114471104,9.330267425854196,9.331961342099072,9.321037910887116,9.332546779579534,9.325298311707703,9.336988232245899,9.347467908063503
9.784400142097134,9.788046378665364,9.759677852481003,9.794063763961812,9.799244917484025,9.786966109260948,9.796031423605834,9.78268641838483,9.779512803411533,9.791760535320952,9.782267977819085,9.768158768993237,9.758476248735679,81,1,10.155335001802548,10.164608183946878,10.091313540971813,10.178912336362629,10.174679528148117,10.167810852495284,10.15181499343724,10.14648586088668,10.152017903952528,10.173566512802836,10.157322230570141,10.119038873977182,10.110926099741926
9.651439083671038,9.655431529711187,9.641287583915126,9.662698800394029,9.658102095098155,9.653639350480208,9.665193184305398,9.650574082300338,9.652310715600128,9.651801078996979,9.649662662407803,9.643597618243826,9.649467241523242,82,0,9.878179770828876,9.883511116076713,9.857377805675307,9.893544412078873,9.888567064101808,9.884207072390671,9.87602374237088,9.885134772593586,9.881563226353077,9.8814564993582,9.886111972701796,9.868663799391596,9.866016758983168
9.43300059895931,9.429696100576487,9.434972824138413,9.43588750681741,9.440226251327912,9.432265675361842,9.449512189044855,9.420416076599283,9.442305576854345,9.435146905288091,9.416479916862372,9.433906311972423,9.444233618089266,83,-1,9.587692000598132,9.5955673954133,9.57978593192128,9.610121913235872,9.599627116649058,9.596166427170235,9.590633920371658,9.604876403562312,9.60909614011693,9.593620893152652,9.598999952480854,9.584406572026884,9.60032782952202
9.731520660768435,9.730765825357512,9.72661153101358,9.737184033741592,9.733973838431046,9.727501277665338,9.739866979874307,9.730222344258419,9.726691370846796,9.734355903505245,9.73216000052615,9.720925178017811,9.70991449630378,84,0,9.87039066182164,9.875899744445091,9.85210760959182,9.86833294659705,9.877463004020548,9.874581978717776,9.87161963860216,9.84889439823717,9.874402878372003,9.878812366052674,9.853657991029152,9.853531945624884,9.844082711694952
9.46135205236001,9.46191138245763,9.459548157352026,9.4600175211174,9.470230819420427,9.462190728076934,9.466486792205034,9.460805268659469,9.465965847005938,9.468601722492028,9.461159149604457,9.45756687893813,9.46985967753927,85,1,9.69021807073455,9.692530275714011,9.698350932243839,9.702010105364092,9.7072947100235,9.693387126012551,9.708473953458759,9.714981427901941,9.687435526947782,9.697404331280325,9.711493499833223,9.695354653743676,9.698462657351106
9.476374983178744,9.486874924153229,9.46154843606571,9.488198887403076,9.47233645449846,9.486227379694238,9.480885616541247,9.48828523287403,9.483511678384177,9.474770961199589,9.489901918720516,9.470992217658647,9.480421927730879,86,0,9.664545208120852,9.678538407520788,9.624091424517044,9.678389177095163,9.659427967534088,9.67821019054621,9.649979145218209,9.673359956774112,9.671784107294005,9.666439819116409,9.67536691290109,9.634868196503744,9.650926360820645
9.38412838428737,9.389025186660652,9.380644333415765,9.388083200907111,9.38422932926671,9.391471260000074,9.381711291600665,9.388196990630318,9.392478189716456,9.393303738931719,9.38338531270789,9.379697410675131,9.384647029088963,87,-1,9.51900520046429,9.517034093596154,9.523999486976509,9.515104620684822,9.511692986305597,9.515683235510359,9.509903260122972,9.523424330467893,9.522776409958201,9.521667701495174,9.526315686469356,9.523338805784691,9.519587026701533
9.434693865429653,9.439287805464405,9.450701673178079,9.446934056107422,9.44480229965178,9.441138671789592,9.447279639677609,9.452217143491422,9.440970136337445,9.439146966206534,9.449888704271382,9.446739665293109,9.438754957141644,88,0,9.5002566563652,9.502346446782202,9.563050953122753,9.50493592996608,9.503730766026557,9.497252318073393,9.53038495194436,9.521270594824069,9.503342729272193,9.49547049622057,9.52769027108473,9.550571511737255,9.510006327378113
9.513732233725833,9.526492684783136,9.514202210311495,9.529769564778952,9.53385159536463,9.52650925227901,9.538093202757393,9.52296483312348,9.523474225062673,9.52704887348482,9.524642137190797,9.520167576800484,9.522270449818109,89,1,9.759649560277648,9.768614531321266,9.730933988364072,9.764089519868161,9.775361036447812,9.767007570938691,9.749400700775679,9.740910771895145,9.77507160206507,9.770833268250069,9.750914411387472,9.744533073253411,9.748694796556672
9.396374326684668,9.393761934386134,9.417119216033099,9.390688773270753,9.400884300006949,9.395872583267275,9.409462304353958,9.402865777716693,9.386967332230384,9.400170859690352,9.400367087249595,9.408682372274502,9.414578545528991,90,0,9.759372744010696,9.754642482261458,9.7308324952402,9.732250665209001,9.763722806231083,9.75581694444768,9.740849739127322,9.718025482944388,9.75027208852533,9.765512103241344,9.731689349668498,9.737089020166152,9.753286250995803
9.655864787907484,9.670032855432966,9.634499860489454,9.67791157000491,9.671547092425278,9.667929537184866,9.676340936221727,9.660250619706321,9.66185977936879,9.668452526046387,9.652325946375857,9.64575164737944,9.635742770220224,91,-1,9.898681549043367,9.913164879920693,9.868342504487504,9.92454279596294,9.912828015868365,9.90846082623092,9.910888028891046,9.90666982683408,9.908421768162569,9.913545537356404,9.901911045967637,9.883263715401107,9.873498734984798
9.368451108637103,9.371811695509477,9.358639642661934,9.37915840653585,9.362389945214689,9.371957924403983,9.368428977222548,9.373040433363485,9.378420600208699,9.3678077317376,9.364453701924537,9.366780542564761,9.363348640388532,92,0,9.586050875201947,9.602397837383531,9.573698457316075,9.623755002663701,9.595656914518482,9.604421463377719,9.597628346959432,9.618905542466191,9.600465646133113,9.595273405933119,9.589764658323324,9.57044704608214,9.586065288046967
9.567441469593541,9.558353666769719,9.553845195176203,9.559146815528168,9.568104079729528,9.5616944528302,9.571248409895714,9.556820169048784,9.551295590231176,9.568680834052813,9.549696837462948,9.55546758095298,9.554056480874767,93,1,9.678708721277554,9.67108832485062,9.688414904787326,9.66940575965097,9.67531519945543,9.669236997732872,9.678699501491055,9.66340926580842,9.66177236822923,9.678710607438676,9.672896114845944,9.68891163606124,9.67034871414411
9.54625784983474,9.546008004321912,9.52327645611393,9.543412136261868,9.550737772615754,9.545731554013722,9.550809466873664,9.534405659331703,9.549172333237145,9.553120573782543,9.528470588386732,9.526735127477524,9.536820325942873,94,0,9.83116841784094,9.836948398415712,9.79401641584331,9.83842609570346,9.834518061715288,9.834714905874451,9.824674194784077,9.815984614484487,9.835182684340976,9.839577835650434,9.816248082744496,9.802358857262428,9.813428948300519
9.408324307969854,9.403552609443127,9.430052912901209,9.39498593513365,9.411472198661174,9.402422689941272,9.42030199724225,9.413674203424405,9.40738737641899,9.408222804420145,9.417372137525566,9.43048570411356,9.417326654307947,95,-1,9.610908172334995,9.598499292960097,9.617899752650628,9.587606956197556,9.616153035519254,9.598679749461091,9.610623227204028,9.600114417714867,9.607666065945676,9.613294931643964,9.602943928090413,9.614280259073292,9.60940840157008
9.302448728751232,9.30386502513246,9.316246886140757,9.31140518691067,9.310399744507052,9.31207875492591,9.319673088527129,9.315137633882173,9.317374951749018,9.307868767289968,9.310764596614664,9.315244533231335,9.315367260496657,96,0,9.495069557138132,9.513789704754862,9.482028327539307,9.51342597723797,9.504300744896812,9.510760408539792,9.493040427864157,9.524047250396146,9.510084733987108,9.501486991374145,9.514807063742845,9.490284150065337,9.50467691970214
9.548411680408508,9.550058867704426,9.527851934967517,9.552992608909353,9.557706588190234,9.55134278601811,9.557571701217725,9.559288297902581,9.549240422238453,9.552270269294752,9.559270404724211,9.539892466779177,9.53639111686534,97,1,9.630406689849853,9.643534450390561,9.63286111066301,9.639358771324682,9.643846798548449,9.636589755504698,9.635387072943782,9.652509272655427,9.633763692648285,9.634449801868827,9.644847858850103,9.630276569067084,9.636575708959539
9.448458549464238,9.42668809151917,9.418263540343366,9.427737533916922,9.423254536940966,9.429173584623587,9.419332929885062,9.422978944510465,9.437634898379821,9.440564865531854,9.421561573994788,9.422378914721236,9.41472156849794,98,0,9.663702959322954,9.655450172552845,9.640596116285325,9.653434681909772,9.655029293580037,9.655636095370586,9.639822659178895,9.640861058570124,9.662775821393847,9.66285391729702,9.64400086375008,9.649439320559015,9.642995117444888
9.44715251929099,9.45146345128561,9.454055743984625,9.459082954458067,9.447433931283868,9.449934050355006,9.459674711498884,9.450134695738264,9.445652885093272,9.446483122224858,9.449809048049735,9.45837776190354,9.43687603149598,99,-1,9.774968993891862,9.771328198544403,9.736179815256792,9.779172574551684,9.774835952685462,9.772922590863686,9.761403596476452,9.757139257603702,9.773167556841354,9.780395780674523,9.753844651937237,9.752396633177055,9.756475888995617
9.458320122897103,9.455528056555071,9.43919664764258,9.455096604887425,9.392671482086689,9.459597181569082,9.324894166445166,9.448049729488789,9.450055931752933,9.442883519172106,9.437983116911598,9.436170766624015,9.444147087257564,100,0,9.63164645888581,9.639908840980535,9.60919148010035,9.62938717565557,9.559802773022122,9.632372414463974,9.487517193816291,9.627784939049143,9.628238133495655,9.616755641428842,9.612364819053475,9.598936304899954,9.622345472242593
9.413515365236924,9.413026995346534,9.43532211307785,9.420817738923764,9.418992328521224,9.411404939257272,9.431998177230566,9.42853350725399,9.404494426149336,9.39835375918967,9.429042596909255,9.431495831892205,9.442465639233488,101,1,9.607461384914462,9.595738143569116,9.599901735594576,9.590935376689586,9.61122977256519,9.605336100712261,9.608415077314628,9.581664042559714,9.586945296790239,9.59841757119143,9.577036734533923,9.596549336096908,9.627951186476775
9.431165934399505,9.425368552300805,9.429491593024366,9.4294532841647,9.424729823742002,9.42659484092674,9.426466145157082,9.429303209369998,9.411820260337565,9.428598762918684,9.42606310458738,9.423330284229717,9.426327201110475,102,0,9.582042341254432,9.568039670581324,9.623884018242933,9.575657699222171,9.579939175762226,9.576552952352076,9.589202561498002,9.578499232638077,9.566468705769289,9.579048820137547,9.571740099656187,9.596623716749441,9.582055476058258
9.431866919045302,9.438771814518581,9.432748975923387,9.43494746393117,9.423986095652534,9.439143394002276,9.43014616248613,9.433948736546142,9.426946682254618,9.439522759970796,9.435143703635356,9.432713401045671,9.427386035081469,103,-1,9.596916963933053,9.59731746552651,9.603746859577129,9.592852416922476,9.58736385776493,9.60431180389528,9.587842736229227,9.585325170105166,9.59320896796975,9.607968796608162,9.581292699607772,9.61246876921635,9.596043879038689
9.432463557984482,9.434880435678387,9.42123343607605,9.424796215046785,9.415297720626544,9.421351025235447,9.394480131379945,9.42945671097155,9.405702955817846,9.426936251368117,9.448297547103195,9.430528799640335,9.39160305592819,104,0,9.573125498900827,9.578787782239468,9.631707821302786,9.593610944864325,9.565947139200746,9.557965887697202,9.558895651809824,9.61912974971622,9.537948089599771,9.567498351120207,9.630185521587267,9.6168314831953,9.540573414379288
9.434048143762812,9.45116555901138,9.423451904276885,9.454879305409778,9.438362327592886,9.445742994304666,9.434172065470467,9.45461001051435,9.434289114969465,9.429008743625262,9.451673395787212,9.430316092039911,9.42519022559357,105,1,9.608431895981541,9.613889432307783,9.59752437561645,9.62901453644806,9.59937539477534,9.611622802868421,9.598207594990141,9.629777526563874,9.599343596310852,9.600342237374347,9.622354395261047,9.597319475022413,9.594613893926512
9.416297451423231,9.421271902635581,9.443759475436824,9.437997037263385,9.42266996141447,9.419499465746359,9.435330330817791,9.449370681519865,9.403725192441218,9.415059758340158,9.442454224588142,9.43585823657457,9.424906547723815,106,0,9.5757062582299,9.57406247238075,9.633601394919594,9.593311892483035,9.581738989707318,9.576989137744674,9.604602731718419,9.609602928641056,9.562356943313818,9.570850683538469,9.589774583671135,9.604600074434742,9.584079840985803
9.430095132348821,9.434095373613255,9.434280415107851,9.4324541071935,9.435261980327507,9.430034411017783,9.435857430351069,9.424800476035527,9.419638292140554,9.431589930789041,9.425620979102847,9.431911813033647,9.43245483922636,107,-1,9.601054003945965,9.613002373561862,9.597599871628129,9.617844815251008,9.604646818610854,9.611320371203616,9.602087033438258,9.614754172745798,9.59844690461113,9.606485475398875,9.615251273395982,9.602704785195524,9.595905849358045
9.436254718636777,9.430685086521285,9.458775309159128,9.43681035606318,9.409002028440415,9.434526264097201,9.371333150250976,9.438457618656933,9.422190224831537,9.176562672431201,9.426382658710779,9.43540916129256,9.405573007915935,108,0,9.624554365150928,9.611758344138675,9.615692126633578,9.601428014988755,9.580737609342018,9.612942956437012,9.541219725603705,9.592324654665385,9.612134959154204,9.363417645153113,9.57884533635399,9.593235429061451,9.58713248864992
9.407957780016169,9.411203100855252,9.440846212663356,9.434928031728964,9.423453686540208,9.420028516289682,9.425867570068727,9.438692053966179,9.395372924772142,9.410306894094644,9.43400042539112,9.433249384431303,9.413265293852534,109,1,9.614121513741313,9.567270936614669,9.584977564808757,9.598388662114068,9.617910990017231,9.61033090259981,9.603532055602804,9.591944954165562,9.596627323713628,9.615150871452053,9.586778531531055,9.584577945563819,9.609669524462893
9.420699577258286,9.419258352551763,9.432567075216742,9.423604755905957,9.424029502606698,9.414385761137885,9.422485053556212,9.44132359041003,9.408700933682919,9.418527574534162,9.430956335969224,9.428131179647034,9.423699862649162,110,0,9.60157634289356,9.603313035394775,9.589492121309743,9.601222490629494,9.605939656230834,9.603627781175527,9.591141538986593,9.607544076262279,9.593812538146592,9.605085006568775,9.604107026682431,9.600054579332314,9.602855529463781
9.426756209491073,9.428162701259794,9.424323208128254,9.427366853708739,9.427648017857615,9.428956833417725,9.439586918088564,9.427174410934812,9.416701325820606,9.429989082362466,9.429408386555762,9.422011286373868,9.42647699422896,111,-1,9.594622863256323,9.58111393891301,9.593417205757564,9.558520943975703,9.584242949363283,9.580171735424324,9.576692602089183,9.54783155995571,9.582215440528921,9.586420354605595,9.559473323010295,9.58564470480142,9.586011105481946
9.430125269118133,9.439307376982113,9.444968144105983,9.438237164649145,9.406222102862023,9.451487907550305,9.415955081566256,9.440902005474605,9.418041269437733,9.418842003743388,9.446818234755877,9.44636256194003,9.413412661302258,112,0,9.623414798828513,9.622804170805356,9.588398984530773,9.611381179223017,9.58867974512113,9.631982303815294,9.58429554253232,9.60146707898176,9.620899510703731,9.617254910146473,9.605552421334366,9.596620712783924,9.605695859983406
9.420611901971682,9.412856337129128,9.436189043521152,9.407060663110341,9.428268693736372,9.411172467768356,9.426132595060928,9.405554523371245,9.406994810482619,9.418587224552192,9.414071699246627,9.433021390987166,9.42804620947243,113,1,9.602609463723773,9.595746669785829,9.598662042327293,9.575219815803715,9.596162098699969,9.592065199604367,9.582942468291346,9.561266842822885,9.594923769347975,9.60094624183672,9.580611809016014,9.605403421112374,9.601164543762083
9.440865434396354,9.431224635110738,9.424019532852038,9.426349349847982,9.441222761437219,9.43663775973975,9.424683123439697,9.417009344939443,9.41647101922393,9.440879195796882,9.411568654006597,9.423065494732237,9.440506243912505,114,0,9.586128268170285,9.576032743441136,9.616245235257798,9.570604976891135,9.585854611759297,9.573093442821895,9.591048788372758,9.58079066044939,9.56436247594512,9.580971270156352,9.577483736267688,9.594031014244711,9.589544447966544
9.43498079083942,9.44071855091009,9.423269889912397,9.438027125258,9.433931736485066,9.440544533281555,9.429220117168978,9.433618014384333,9.431160798721582,9.435257325962738,9.437379209937903,9.425461449260045,9.432038498566948,115,-1,9.591094922049912,9.59854363098392,9.604650716414811,9.606783354325197,9.595421791520543,9.600984573414598,9.596378704225636,9.61520712794129,9.586269484251606,9.593496305550872,9.62421207806256,9.60771415535073,9.59216928842517
9.432967032627577,9.433275385479005,9.42630112996813,9.440784728039834,9.429887071889047,9.43393225174339,9.430479276515833,9.43689159623718,9.42801950006152,9.435481993196035,9.4312849876767,9.423079092377252,9.438733417413651,116,0,9.59105964711765,9.607395701467581,9.608062322891932,9.626543447236942,9.599779300352788,9.603052375894508,9.603421657572982,9.63501517662973,9.577910884079875,9.595466405821263,9.608665498934727,9.576905694459406,9.602254790618767
9.4227387877672,9.42021443171861,9.437563810071259,9.427852513168258,9.42060244535297,9.425380704804288,9.426965287515523,9.433916618266613,9.412294650977994,9.421099107899316,9.433789643607343,9.43091978777086,9.425923529256492,117,1,9.603170467283775,9.602131658577777,9.6185175545243,9.610187090760244,9.601247227295332,9.601820368036313,9.604148762611523,9.615422188021927,9.585005160317063,9.60322106437395,9.598623539612017,9.594033441957563,9.602475214257916
9.421347598016059,9.422877312592995,9.437186771238327,9.427138670269034,9.424870793407644,9.416283666742597,9.426028552360117,9.431096900317854,9.407887676208563,9.41548816698443,9.424595689594316,9.43148377952873,9.424276474176326,118,0,9.58958855322817,9.588214058392055,9.609740463116095,9.585160355994617,9.591758313139222,9.584573593390727,9.594045288753982,9.581481499066859,9.577584563614536,9.590861166870047,9.587952832030075,9.597940178196943,9.5945784895417
9.425230455357939,9.432239843837381,9.435614749601232,9.435354476990746,9.428083076971967,9.434337357231568,9.43047228914071,9.436145664631823,9.416709619548394,9.430620776733601,9.442075465467092,9.441661031851538,9.434240935006494,119,-1,9.609633060858513,9.601094094566392,9.589245729284778,9.593748472771324,9.607709883011227,9.60159925094315,9.595610665336476,9.586928557699467,9.601199289742203,9.613157851266605,9.587636143601006,9.599751301632832,9.611717447451648
9.425502345140094,9.422375104632296,9.43526537398961,9.427835683001804,9.42419264759475,9.421766503770177,9.434987013109595,9.431158570964174,9.411701717660629,9.416673266658123,9.43195693416414,9.430738830256612,9.425649604220268,120,0,9.58521437951558,9.581551483433572,9.622663979064772,9.590604020370286,9.595912362466324,9.585185171302802,9.607194102869585,9.59315815879555,9.567781421982062,9.579258067770198,9.584095013370495,9.59605476855113,9.58874499804757
9.431360543910689,9.425204565952258,9.427379776587895,9.431963030710241,9.42611559976978,9.428446341411208,9.425790042983019,9.422456812823643,9.41694855343661,9.437567639312123,9.422389438227714,9.422250306889175,9.43110955253661,121,1,9.587633684420446,9.571704480402024,9.615011709715382,9.57031715645714,9.59268736418492,9.578266863142849,9.602562283000466,9.568594542772672,9.57093418697273,9.595051697227557,9.572283627784081,9.586435174852415,9.597586131573145
9.437383435920074,9.439445017205832,9.431781050237634,9.440505871549911,9.430762198195922,9.441320354903057,9.434362613619681,9.439654909956602,9.428574798590317,9.437099753658115,9.435157951200441,9.435848682451903,9.427236802436184,122,0,9.634495700456602,9.640936491654227,9.576323304386031,9.62679465158282,9.61909033935283,9.641263387985315,9.602972930150015,9.60386075787764,9.633516805642447,9.640349630181532,9.596996922337008,9.577377975732707,9.61086323426941
9.43476598213953,9.43288439773943,9.438130295863601,9.418746011936955,9.433032037540405,9.42740094491468,9.436704069570721,9.41678105059267,9.417809639069135,9.436001392190086,9.439417954091263,9.437449681598823,9.432034897610372,123,-1,9.59741834905678,9.604074062205852,9.618379889764595,9.595041118385042,9.597950096248878,9.59629256379478,9.597516020270856,9.605671082021116,9.590821720105495,9.598642524715862,9.633113344782396,9.60736342483199,9.594993649465135
9.427246447545485,9.423224373999838,9.44843757110648,9.425349540448005,9.422131411942837,9.422124250527295,9.43502174368929,9.438731805560186,9.411941934870017,9.425112065892197,9.477281199350026,9.43903538401039,9.429940780361191,124,0,9.613090453714488,9.605257080117907,9.597822608029166,9.605181085282918,9.604182577615177,9.602854646917303,9.599456018051,9.603409370667277,9.595643658775238,9.617190199358358,9.654068919868564,9.602604114649719,9.611567962432852
9.425669823548557,9.429315197302467,9.43726650865055,9.444057630391974,9.42803612711581,9.423769954003424,9.431518471065973,9.444693082807907,9.411317829292955,9.418791222091881,9.43009075024529,9.437168292395336,9.421660706602266,125,1,9.590763710617066,9.574717739596894,9.607647087145452,9.58369202941813,9.585730063403238,9.575605397783029,9.587772399535561,9.58407049285805,9.571983492250963,9.584308168192921,9.58206588459314,9.601086549803753,9.588318402147411
9.422168259750721,9.436822783859235,9.431566086522695,9.443331400198447,9.434634417059605,9.442235012984233,9.428282370031129,9.445073152213572,9.422037983577509,9.429014141802156,9.445879653282379,9.43700324376505,9.428422715050733,126,0,9.588995566851517,9.588733615861244,9.609902232393274,9.5933298260928,9.588049233478369,9.591154646291667,9.58911257370442,9.59438648962714,9.580928285299343,9.585088084343234,9.60235637725611,9.612565762795011,9.589850147832143
9.43056859984768,9.433884742430354,9.43870655703171,9.433812730301502,9.429071548726043,9.432855226895775,9.430601624592947,9.435159660277352,9.425405096254572,9.434455322758609,9.431630465051807,9.43232340769616,9.432184992762597,127,-1,9.604359288047684,9.60506931595801,9.597419385487509,9.5993752427464,9.602351557734814,9.602387965120162,9.598425496048794,9.598566036178878,9.595624210534282,9.606769746894757,9.603183564634197,9.597279385038659,9.602139299897932
9.428696417393795,9.429611452040941,9.427290514328721,9.430368707508348,9.433816606980312,9.429787551598073,9.42752058618713,9.427378091717467,9.416709473469247,9.425563074897797,9.421964078562702,9.42910651877023,9.426561662385796,128,0,9.621596474526273,9.621456655248805,9.581641796348533,9.63001129334515,9.617753976169064,9.624606179134888,9.602053128367187,9.632383769859969,9.615755483615052,9.624824123443934,9.621114084280807,9.597592380228523,9.607143414313956
9.431488156685655,9.438552713967958,9.439623036381798,9.431887381458797,9.431629886273013,9.429712308831409,9.435713841159997,9.433622246508127,9.424585648523536,9.4206591496474,9.424922667887591,9.434864981287156,9.430820186400059,129,1,9.603544629523798,9.612314963303008,9.607203387538434,9.608283268626728,9.609355240235159,9.612261488290141,9.610725157908103,9.601036655825066,9.598940012024007,9.597282568059645,9.601584982661961,9.595374485954409,9.603475078379974
9.432718745173808,9.430717399700717,9.423209979614057,9.432643068962244,9.423414889373351,9.429332745701135,9.429006004774836,9.435911595795666,9.423292127915087,9.43356197851465,9.44099445984224,9.432683879015853,9.423602691993988,130,0,9.585044810845302,9.591450490070299,9.61833520517059,9.610591488879455,9.58141812042376,9.587013555817835,9.595671400156638,9.629371138651148,9.574425115978528,9.586084761486061,9.62304644190315,9.613711941043627,9.58423310814887
9.43364854340773,9.440188855836428,9.421153199962502,9.43762355371751,9.43802703603685,9.441028078579507,9.431041118616797,9.429709328445819,9.421200682055042,9.429242464054708,9.434391294468034,9.43411399200689,9.434773547052115,131,-1,9.614897382047298,9.622975674597376,9.601780922465233,9.628524652265886,9.606609545042062,9.622764560374844,9.59975492766329,9.63380758041726,9.609302436681494,9.606560121696177,9.615079140113348,9.61319833799453,9.604437369385902
9.434530520738194,9.413716822740266,9.42388972315848,9.426919819142352,9.43663752871844,9.408676956795832,9.428813714047429,9.411256925242306,9.415650827077394,9.423709701960364,9.416550435156294,9.424104968707603,9.411364264145567,132,0,9.614519408512955,9.601358698398334,9.57912901165077,9.61683932988773,9.618908971940085,9.602957936888462,9.596853278018104,9.601406556382885,9.594136973766416,9.60846228193309,9.597773140240609,9.58473627763849,9.593427770112841
9.43714962719281,9.435600469167724,9.420613929347569,9.439534236350834,9.428588498075163,9.442292044536858,9.431258791102913,9.441446706385525,9.420932631291478,9.436969413032827,9.443097558326265,9.429607869952317,9.424452015263505,133,1,9.596872305342535,9.612804576752996,9.588501240122087,9.63355733504732,9.597205941361475,9.616271152430757,9.598134481406321,9.649541976733127,9.59594575061936,9.599715428856483,9.640340025705688,9.601630202623197,9.590803389730215
9.428873166942896,9.432882469027355,9.423577192966334,9.439170418558604,9.422516936970407,9.42778137903292,9.427429549906782,9.443726283158927,9.41918350943516,9.425075337108076,9.445248150805522,9.430209938387899,9.430507067247554,134,0,9.595692434322661,9.598966601985904,9.60683754781213,9.601203087646745,9.596346306994093,9.596280129865413,9.601675408216373,9.60367926089064,9.587066912081355,9.59980287155378,9.59797113162797,9.599979493533596,9.60286389637863
9.439363546214228,9.4285018437627,9.43218931074894,9.4158449294574,9.431998782544929,9.432166451306008,9.429381887317142,9.411589037570385,9.429392880089521,9.43389734953782,9.423178890556029,9.433296406917583,9.430629692431422,135,-1,9.62280190713314,9.625133472979854,9.585471469832624,9.618358644238299,9.617507705287503,9.625265359992055,9.604567690561373,9.620502266537173,9.614700288787443,9.621563079184517,9.619745332342298,9.591605012964973,9.610207422149916
9.428952039357801,9.439571480896237,9.435972403192276,9.439005854667684,9.432730968086469,9.445647795899506,9.434856784191112,9.439451546489725,9.428076445660668,9.428775392404235,9.435002359104594,9.439062176655087,9.432178979421643,136,0,9.595662993275697,9.595799439735567,9.580985576029262,9.589698197286456,9.589301515239823,9.593031808866009,9.584613706206257,9.588975884626082,9.590841777140769,9.588586609981926,9.603592291977035,9.59619686592342,9.59195592458362
9.431215934566918,9.426603892226499,9.436047976060241,9.42881488064465,9.430764349500057,9.425229891842799,9.434948303601915,9.42740784889783,9.41619675029279,9.431383869034155,9.432112182978642,9.43564507551461,9.443453406707452,137,1,9.608442715731544,9.609100795620154,9.595105158327849,9.607435384532327,9.606562703763394,9.60914285674814,9.603272699991923,9.596595768084747,9.600079818223142,9.610307980235074,9.59970588684483,9.596944928699386,9.617428081707912
9.426413666415138,9.430842203469114,9.43256761934499,9.424167163049646,9.423008973911083,9.424868808372082,9.426862994056343,9.425831828668617,9.418495079976712,9.423395811382626,9.43048554293659,9.42252247859029,9.424638149457996,138,0,9.604338423324503,9.589244150947433,9.60253425880907,9.588841658693866,9.591942470645396,9.587906743246362,9.595209489612445,9.598429373896531,9.589952924116119,9.597127002243216,9.602020401615214,9.59613484572913,9.599492593346515
9.43449019233151,9.42751939103525,9.423961519797526,9.444554970101667,9.433598944469011,9.433108103487163,9.426622308576997,9.428890704928865,9.418501986795382,9.434735579365928,9.430053446083265,9.420087947917576,9.430587959245496,139,-1,9.595637476012623,9.590742520179273,9.59567285942326,9.611141777809292,9.596198829723908,9.597399345151167,9.592935962135904,9.59233867562607,9.58270128990451,9.59579637206945,9.591577020786474,9.587196315274825,9.594771297088935
9.427323621161616,9.427995988757594,9.42911320378861,9.431034915263904,9.422875954876954,9.425850775724994,9.424470210201713,9.421839980812724,9.416909338922167,9.418429332036663,9.422594897656106,9.429686075143305,9.425928714015233,140,0,9.613105798284925,9.603686039708345,9.601676749437623,9.601384693732065,9.60813162665243,9.602979822447903,9.600592294001128,9.598241271046124,9.594758567583886,9.605437100656196,9.596276872213974,9.597235075125624,9.610705197841938
9.430506953276536,9.422892682809604,9.435605911282968,9.415967408353447,9.434421829931331,9.418956123616676,9.432571729414702,9.415912601269172,9.41508055596985,9.430603111598348,9.41889361208701,9.432564124553972,9.43418478544489,141,1,9.594070365864289,9.581840158305354,9.612139537593816,9.581624960227131,9.587483913310605,9.575617275808991,9.59387382841408,9.595391917747765,9.57284606486445,9.580086366031317,9.591367732560437,9.60680552408918,9.593810890523867
9.430551187281726,9.428579093285999,9.437984858692586,9.425721309328754,9.430138616404003,9.431927194597659,9.428553313965324,9.425711335081573,9.415189042659152,9.423663587244224,9.426215930451551,9.43710273243326,9.428468990037599,142,0,9.60908559637379,9.61036735484726,9.592788526647928,9.608482484131295,9.608910686236142,9.613302134415708,9.599239526255557,9.604181966964054,9.598137922414235,9.606319393007126,9.599443883520772,9.59487866978562,9.60524319448014
9.434028309530776,9.435447934944744,9.424354355426678,9.433395486382377,9.4337636278377,9.426864778935949,9.426786310732105,9.437771930122922,9.425049785642528,9.428727762544682,9.435138817512692,9.432146303705515,9.435456722720863,143,-1,9.592554912451389,9.600039130247602,9.596056983505152,9.599972897274744,9.601795302097203,9.594810214042232,9.594288528711058,9.615218507254925,9.58768323455259,9.596168498316295,9.606938882343023,9.597734437287949,9.59772289951146
9.432469414335525,9.432821683403496,9.426626527372507,9.427907090896682,9.427909402241198,9.431372927000545,9.430199735111897,9.42207076627134,9.423252643403739,9.438500591190953,9.426112471178735,9.428889858867509,9.429316995428131,144,0,9.595354994331654,9.597985271279144,9.590940202668913,9.582795303564264,9.588052054615712,9.594365171012058,9.589813740082885,9.583635817903495,9.589166903779361,9.60125316945687,9.59710889259475,9.599982700658881,9.58989821071033
9.427437220651035,9.42520456261616,9.427149904656881,9.425666236800375,9.427298498541077,9.431198597336705,9.426345167448474,9.41618844397232,9.420851038961946,9.424599643432884,9.424547353692173,9.430504598297865,9.428455675519587,145,1,9.606438449921065,9.602191850596894,9.592695473388263,9.597397979382116,9.596504164393766,9.602593150945259,9.593692522690645,9.591485395819035,9.59459281561948,9.601756743960479,9.60409774632957,9.599790378383908,9.597666864618768
9.423550442460591,9.426092380399453,9.428523510668514,9.429564246998844,9.422117678413034,9.424450473059059,9.424211571501953,9.433343980859883,9.418113783703015,9.420577206483902,9.43383475451171,9.429378622912434,9.416378424737877,146,0,9.596942130143143,9.591870248443518,9.613713924778555,9.594749523556251,9.594967453369886,9.588272122821204,9.597244324605219,9.605344716063787,9.583730668398706,9.594986858875583,9.598066516143318,9.600148805778852,9.588311881374572
9.433085539193746,9.437136460292644,9.430360123719039,9.435238034939704,9.435688894950255,9.442552134783343,9.43227014205012,9.434223480625615,9.428712074230637,9.43747561578222,9.434378303611007,9.427549798904344,9.433338117602103,147,-1,9.596986516869325,9.591437555742797,9.602403090083197,9.587130212043425,9.604461670818585,9.598858519044372,9.596692075723919,9.587757580639279,9.583586837182478,9.603222202799392,9.582319942905999,9.589636104010017,9.60110864408169
9.428897905369803,9.433478068725877,9.423496514389505,9.434436239459346,9.431742320892297,9.434501954562803,9.4328220119562,9.42999333661158,9.421728384625988,9.42617550027728,9.427186415817847,9.423984763443233,9.4352634647026,148,0,9.606206680848842,9.61745305799761,9.599807432743493,9.629632976186084,9.60962054669643,9.617444440836978,9.613886300938658,9.624814676735294,9.601635941354244,9.606281338269321,9.6210590006209,9.59931734231096,9.614491113723359
9.429239453272125,9.430948476074546,9.440293277057526,9.432780729933743,9.428047378188104,9.43026787181118,9.431446296083623,9.440070930238122,9.422841018253607,9.428531313253098,9.441998347164114,9.442807418648488,9.427117494633055,149,1,9.592779112111199,9.595214559631296,9.62349673270331,9.601370337212686,9.596794580212531,9.594468971385972,9.600519817236814,9.61288080602114,9.582785769296626,9.593441430119624,9.608596021643796,9.622052413712655,9.593038925788504
9.421955750553131,9.431812527407041,9.439137346776958,9.428605653508923,9.42671069351454,9.433879294576556,9.429449412526658,9.437881862333112,9.422776846085013,9.430609073463962,9.438909162934582,9.43872866246186,9.426757509053447,150,0,9.611696473709687,9.602415438839111,9.59121915110013,9.59053931116208,9.60702458840125,9.608569839263486,9.594587773152506,9.584936712369423,9.600540345193856,9.611499841115576,9.592360508837377,9.596360432469588,9.6077846905333
9.44215316089482,9.439055705852576,9.42471294072603,9.424476078014415,9.438255569496384,9.444456790018396,9.43404955758489,9.420041917000313,9.436651364083279,9.44461207898091,9.42881761199042,9.431014291500324,9.43973892003184,151,-1,9.61441484227055,9.605328034406114,9.585955631832837,9.594899632069703,9.620803126348546,9.613754723723813,9.605259857419,9.587945375689815,9.599544900759147,9.617510812563104,9.573549656137448,9.579005656510619,9.616222126779512
9.430885674150849,9.43200447436835,9.434364142325595,9.439857953173009,9.435531009735652,9.434194282356405,9.435388124003023,9.435053454498698,9.423156883724399,9.432707044305236,9.431305761698837,9.42804085421878,9.429563253456552,152,0,9.58997151648659,9.585104880563419,9.607461988615537,9.595430439259243,9.597104099347995,9.586713834410038,9.59900473194357,9.596650144927818,9.574538170736787,9.59384214512485,9.587687648641586,9.597067012687786,9.592727817038726
9.429267571351762,9.438882092472024,9.429886733746702,9.440467509762604,9.43513963777492,9.441681533751666,9.43164285615574,9.437039974097265,9.424147911932094,9.431905202185533,9.437178480704198,9.426152794333266,9.435046333031403,153,1,9.567512385820315,9.570546748722244,9.622096232506271,9.580864218670461,9.582379901665282,9.577831426721948,9.595911531993925,9.58210649785663,9.554822236639914,9.569240669100399,9.572246371873067,9.597132573874822,9.581911776076044
9.41872830267859,9.422501139683659,9.433269840976807,9.42708735095608,9.41949805682348,9.413203488078798,9.428578097129996,9.428316088751872,9.412115941626412,9.414681439127172,9.428487123213241,9.432288718444353,9.425687309745339,154,0,9.606493452535142,9.602650224461797,9.585552962411377,9.59193940124414,9.600548125907586,9.601453996170225,9.598026428698375,9.574135621324876,9.605581048039006,9.600944556407827,9.598313989910944,9.59921702552519,9.608943678687572
9.428290634359984,9.42362276762198,9.438908052253185,9.426229892739165,9.431455232951858,9.42638893239045,9.430709254813848,9.423023436876395,9.413852003749607,9.42472962227178,9.432727580402764,9.434245854542066,9.431871925012553,155,-1,9.604941419194567,9.591760002726597,9.594088408259896,9.577010688774665,9.605289559742628,9.598156658704166,9.597441413947108,9.552559473919674,9.587964828670513,9.60688623630762,9.55614139049712,9.581395588990194,9.605572533553667
9.427401210172796,9.429885573906457,9.433485170231512,9.432145149269834,9.432736522727103,9.42432182299496,9.429182901672352,9.432528092407335,9.41628503866914,9.429306624558558,9.432336253861559,9.430233253457743,9.428019943006145,156,0,9.61042271386888,9.613913422281216,9.593243695309283,9.609882760892061,9.613113399150894,9.610667418800192,9.6060532218416,9.596376563003403,9.604307094749053,9.610839175204564,9.599592553154867,9.590044552066008,9.610648418150301
9.417024267522503,9.425842965075953,9.44694397067137,9.436808353736478,9.42734475783525,9.43066919481248,9.437049498175519,9.440530770340333,9.412410587818123,9.41858987100296,9.444108147167938,9.439471349193946,9.42494790374441,157,1,9.603609183335093,9.58597603661061,9.615234034244496,9.588696656922156,9.607399041822314,9.594047142188355,9.606567247261511,9.587381972520546,9.585655271355995,9.609526627508721,9.59199976682069,9.603353109396314,9.60055718945448
9.433662636680078,9.440970195184889,9.431317038146844,9.434227909917297,9.43217219235523,9.436773600248937,9.427468875402475,9.43382053432411,9.432188540953721,9.438417405580205,9.435029283265123,9.432971944243942,9.429446079406702,158,0,9.593556568060299,9.596198316387946,9.606525726642172,9.599623287682588,9.591297230284374,9.59579851873079,9.591820228727837,9.608760599917597,9.584977937374465,9.59207969290137,9.602278512834129,9.60174503713386,9.593431346184776
9.427417886348126,9.428660567791718,9.433173500966593,9.429952828695901,9.435657944572624,9.427341187401478,9.438714965484179,9.431027419970047,9.414875571830928,9.430709464450379,9.432323957358948,9.42817523798903,9.4315628212836,159,-1,9.600819646282007,9.602149034628084,9.607523597057913,9.607085900080147,9.604374972785699,9.603620655059572,9.606092671854366,9.60451500645217,9.592312843909305,9.604424932684166,9.603795630057805,9.601019046525627,9.602460525841819
9.430324874895716,9.417349025541725,9.432584665170952,9.42915074980727,9.432677718245573,9.42712733624341,9.439093281856634,9.435875651931758,9.422378755639297,9.439333835030826,9.433878705991713,9.43364434657848,9.431952588885036,160,1,9.612778378505244,9.612525540360794,9.612622649579045,9.60483152391311,9.605261413659825,9.602397926321652,9.606187713910423,9.62058794007956,9.611093343517265,9.622563330980233,9.623133059214318,9.610706148999611,9.608707990839711
9.411286012020815,9.4259373966135,9.425075283208054,9.421175361235612,9.42112204846194,9.407556049046018,9.329772125393738,9.439678813933009,9.410969510783755,9.428118427778395,9.432260642714906,9.413729385346224,9.431579208860867,161,-1,9.562758363442818,9.563939781592207,9.611010732989147,9.55901181351791,9.5609094489359,9.546015268625254,9.48195008825527,9.586174929081805,9.556948305496267,9.565014334951401,9.587947816944693,9.585795531704358,9.576433058354887
9.420501954890879,9.421198085764386,9.432111806544212,9.423539518404665,9.427131793050684,9.425300648776352,9.4262137864249,9.432235656482606,9.41224426924357,9.420188544939228,9.431894492016276,9.430570380268056,9.427885208940674,162,1,9.59796009428226,9.592529715230581,9.586260125237157,9.58837557370733,9.592645432179824,9.595061149890661,9.595342473049321,9.584995450194997,9.585923787404266,9.59447271488964,9.597985445589307,9.590469875348665,9.593803595224959
9.435786189064064,9.436436933931995,9.430089252681045,9.438421429164618,9.436227927485318,9.43770903471163,9.432490693662631,9.438062896799448,9.424613129952427,9.435102013423057,9.435343192184982,9.436045403879195,9.43412137900973,163,-1,9.594597064422056,9.592077450003524,9.601144767330156,9.597264038412979,9.597744852595152,9.602953788491956,9.60101044719621,9.60364420433142,9.583402232253619,9.5953309147219,9.604660352270848,9.60485540581577,9.60031668346027
9.437483297822217,9.433010505535691,9.421620176508492,9.426332519435663,9.430538451524326,9.432979350842542,9.42490008605757,9.423484831432527,9.424529565322816,9.433430328561295,9.432738242851713,9.435465189249816,9.43276042001945,164,1,9.62058708350797,9.619381457480081,9.587121217149832,9.609820652286487,9.615552329188034,9.621510531614321,9.600830629647874,9.60598815664032,9.61217818130463,9.622613131858987,9.591928074194113,9.579818264112191,9.613666711178263
9.445128431251543,9.439300761054994,9.42812979898122,9.447606879520686,9.437022319692144,9.439606305128233,9.440081355890173,9.44695222932744,9.43122317120859,9.442398416381545,9.4477042359488,9.436791124242642,9.435679183978651,165,-1,9.601683333335934,9.605596968662894,9.593555727864857,9.623034268182822,9.601674273779814,9.614568969055197,9.605627422713816,9.62893393997128,9.594596662069979,9.60850238837858,9.623925533651123,9.602487621545755,9.598794262561679
9.432177839603687,9.430669804995935,9.433503623786876,9.429253230539423,9.431146357537447,9.434273452584168,9.427746150135624,9.431717198216978,9.422719491304898,9.430388154464579,9.4311049786905,9.43167000940174,9.427473511866394,166,1,9.593846311748392,9.596525108385888,9.60453379023756,9.597007504383688,9.592047965678862,9.596694457697053,9.600876603014711,9.594951026638702,9.58771437794982,9.593481685044091,9.5990013103334,9.599097889142907,9.592365068288059
9.439963806159213,9.444458107373894,9.42057940138489,9.442638650428602,9.444400793582357,9.440440053149837,9.434704535535229,9.433843091100334,9.429639078503111,9.44395336393571,9.440863961060135,9.430767763384585,9.438028643365056,167,-1,9.610055568291585,9.629704242071645,9.601410370016886,9.6463399859871,9.610364810508438,9.624089258743714,9.599818638205274,9.65794706406077,9.611581714948894,9.613062422970314,9.674026289895965,9.631148279173908,9.607712251884177
9.435814884079731,9.437441830226387,9.432915717907424,9.440303581377483,9.437411150516258,9.435408522741978,9.437635157365236,9.439063319875485,9.425633567019947,9.43638196028439,9.434452824677043,9.43195959346347,9.441011432605471,168,1,9.60094877477826,9.602688419968201,9.602173404365965,9.606498808962234,9.609749693847183,9.603161249712956,9.605149662079773,9.602606630677899,9.591146397322415,9.606031465195262,9.603198500675969,9.598060466265304,9.608682174343077
9.431236502685023,9.432808681759814,9.434722886627801,9.442450221963929,9.435799522703077,9.433013709138647,9.43198477113337,9.433015564388791,9.420526568063051,9.434108870052864,9.43120932618904,9.43374648745835,9.428321248859689,169,-1,9.608801075196071,9.608152742259998,9.597717038959436,9.610630616618206,9.605570153967566,9.605737643107636,9.60435101554428,9.605748346380915,9.59842863554835,9.606040599832777,9.600939631966243,9.59804489127376,9.599292711189548
9.431298924925215,9.431585534152294,9.438369157593892,9.437819744843813,9.430104988000188,9.43267702436007,9.432772069273746,9.424312906970767,9.422609863870827,9.427212136637305,9.432349826507249,9.4347206487073,9.426565584401475,170,1,9.625158784767493,9.635797744630349,9.581985618672276,9.648550757553913,9.630255404337372,9.639173517266672,9.613503635704408,9.631759492284303,9.620733917096155,9.632159790299905,9.605151936172724,9.580617181825179,9.616274699423293
9.434841573052681,9.42661432824913,9.42731291463949,9.429560346838121,9.44450495852488,9.421041730480988,9.428924604939684,9.431866763117162,9.422968072962236,9.44223151366843,9.436948431985291,9.43579694665994,9.434734713473953,171,-1,9.626936116820637,9.610211616968977,9.591214429616482,9.58924831783367,9.616087331386696,9.597540014851432,9.596723192402566,9.57680245182924,9.61009957950835,9.632821223555068,9.57840272331099,9.594159541990262,9.61342588847225
9.443624704155487,9.439052036105211,9.431245476227847,9.433027387293233,9.43612700828778,9.435159264498328,9.439410861194435,9.434689594657836,9.428463516633999,9.443447653342831,9.430186251211568,9.43416299940554,9.443691586303895,172,1,9.605772081272663,9.606162500978794,9.596316945483851,9.601576881079314,9.5958143857147,9.602849382978029,9.594108003259684,9.601210687836456,9.596969634633167,9.598627878838629,9.60036568447342,9.603265128313074,9.60118078293252
9.429927167453345,9.430982000489193,9.426423576461787,9.427299951747097,9.42872612474506,9.43112304993153,9.419060701999854,9.42679126786113,9.422288772055289,9.431024811681295,9.421871505289092,9.426104855844708,9.431349434747927,173,-1,9.594153093951602,9.597895521930983,9.593765974509225,9.598076448733847,9.596728006959673,9.599719446890607,9.596193272567955,9.597618776609476,9.585631537718342,9.594656632289674,9.598724286487164,9.594383130577874,9.599383817986322
9.432831666123821,9.431588818462702,9.43566874492179,9.438999139322966,9.435096363808277,9.433778396022387,9.428773492628295,9.431507130760831,9.423368165514567,9.431653294124212,9.433649719813706,9.43381198635841,9.431568688727411,174,1,9.613371952730041,9.594509443445897,9.600086297133478,9.597964846920366,9.609223006817254,9.601680574125242,9.599969328473437,9.589539408758743,9.591147128243625,9.615454363549432,9.596944887802104,9.597728087231388,9.605430298496348
9.4279575543976,9.429406939640478,9.429196651656072,9.430052780610055,9.424692163959993,9.432546198551838,9.430120538537873,9.42661231904258,9.417199931976198,9.426896064403913,9.427815000102633,9.426327667585126,9.427067854871959,175,-1,9.597742669975768,9.603853255769037,9.594944661060795,9.600783404051267,9.59626790787043,9.605059839607685,9.59620850731864,9.592937765249145,9.587759882004365,9.600142316477264,9.587260359722492,9.589980748338617,9.595759571964706
9.419175873408562,9.427097767102019,9.428421828529519,9.431115291306345,9.424989811167473,9.430454035257723,9.4297495492154,9.427515303348377,9.414250841125348,9.417620597513286,9.42756719548213,9.425541065911675,9.427108001413012,176,1,9.605016255248108,9.609873443440764,9.597139117252334,9.602625559382062,9.604773338114034,9.607898979730486,9.609795019057081,9.59831175988758,9.59576275470779,9.603586675118155,9.59519288093112,9.594094458072293,9.605775170329126
9.445655223937635,9.442322755202476,9.412348176024425,9.427450535776893,9.451703005659377,9.446283458475776,9.45509447052266,9.415005601913638,9.434665055656835,9.464574798488435,9.426816687485829,9.4316318513166,9.444135074525835,177,-1,9.618707520925053,9.621990467031976,9.582019782837925,9.587354385970384,9.622621830508152,9.634538797958292,9.621420797392103,9.565553165773178,9.614476706857785,9.638846384361768,9.566808915517084,9.572129284890517,9.61885222574432
9.444894087253726,9.437578012188181,9.422037930644393,9.433593381420263,9.435869839174835,9.438682441429355,9.428392713027357,9.41786646715317,9.430401426867197,9.442758923627958,9.419556511514175,9.4228639330391,9.430930351834395,178,1,9.596642559806435,9.591048896132959,9.599022579189484,9.583304438693924,9.594082511447663,9.589875565454864,9.596054841918754,9.572874371897823,9.586785559056702,9.591704971042732,9.57186541263103,9.58961781180156,9.590832297626049
9.42681014258747,9.428422582272534,9.42997469693665,9.416786856406679,9.425954158985826,9.428536475363515,9.43320621818389,9.41465499237186,9.414803048508588,9.426767151477685,9.419197178922316,9.427528772574144,9.426459160855146,179,-1,9.602751303041106,9.614571475279261,9.590228792373395,9.624242253081302,9.60175903629446,9.620380411308671,9.60492213417895,9.633569520698979,9.604417049290168,9.608247737252665,9.619121043215408,9.596134506978817,9.603540068865925
9.430578489656316,9.43158962105409,9.430981187832447,9.445413578194389,9.429104687162683,9.438702909756158,9.433586564551439,9.43595426860833,9.420394558995664,9.43056903140087,9.425845775098589,9.42494376091114,9.435338416769339,180,1,9.577921704508014,9.576111941484584,9.630807432445026,9.599531273214161,9.587984518819537,9.587226817353356,9.603195841766999,9.600749397705345,9.557051973941935,9.581620156696879,9.579774947969902,9.598875345669407,9.59538842734921
9.427764853537766,9.418696366446811,9.434443431316515,9.42146585532894,9.42792153736752,9.421543741262713,9.432747207965093,9.423149801144952,9.41289784319662,9.421743530155204,9.434782743380158,9.441094048954046,9.427807726952746,181,-1,9.620401704477535,9.604790577123515,9.589428622201504,9.58675399039865,9.617243454693844,9.61225829020739,9.59758070003726,9.568713775046279,9.605752270922324,9.620221284604973,9.576315683174679,9.591998513734074,9.612221419078685
9.41862038131565,9.418560627533447,9.437379359148878,9.431205437488178,9.417242275304211,9.41882387243709,9.431331266194764,9.435004726085262,9.405470379689728,9.410813019410469,9.435502900190137,9.432278835048809,9.414429522260315,182,1,9.591852264594765,9.583860612646394,9.602048260536224,9.592725561140762,9.588923253707057,9.585078091368883,9.604516616826063,9.591798976025919,9.577931216387999,9.585320270961239,9.593489977858654,9.591087584906106,9.592420768848548
9.427716964183524,9.43209970883464,9.430592434200177,9.425362707451292,9.425628657008744,9.428236643333907,9.425855527007432,9.435371177970996,9.417647227483783,9.428578432184915,9.43298599222367,9.430807967685748,9.424227813577492,183,-1,9.586646425878335,9.600415190119456,9.607883219428585,9.60088155606158,9.595296779938367,9.596413013308505,9.590628878087733,9.613910926590034,9.577655341025753,9.590744545978348,9.600739091552695,9.594259854217775,9.591695477344535
9.431600912536485,9.427444038217295,9.436284286385868,9.43528250363633,9.427927481422056,9.437630685960773,9.427791251666624,9.43647323941434,9.415340677275202,9.425479416814895,9.429318666874886,9.43699985571704,9.42486426703077,184,1,9.59712507715535,9.59556959584037,9.604500154918135,9.59334850604749,9.597247451254862,9.608318427700667,9.597536697531998,9.58757453808051,9.594716279963803,9.594161023515163,9.599380547461955,9.599940130783597,9.592849449205543
9.435630128567293,9.430297741901688,9.4406290940323,9.439740798814553,9.429504443796882,9.423558542230097,9.436739222483153,9.437440194198025,9.41675075277073,9.4313980263443,9.430061782005902,9.432640477174646,9.430471659979252,185,-1,9.609922508648305,9.605510178188169,9.605014250914675,9.601596076633259,9.601820946681604,9.595332102593899,9.602408107693881,9.600796465564487,9.59654318295624,9.60660069576166,9.601445190774411,9.600538968167742,9.6050546899586
9.428031061392478,9.43852935543961,9.429272923209892,9.436055561001378,9.432743048768147,9.44371081326416,9.429092459159481,9.427719999230831,9.428428661083673,9.430512462896717,9.440057168253489,9.4286581557294,9.432561197335911,186,1,9.59496046840839,9.603223126698373,9.592627518981553,9.601359212647019,9.595922166584252,9.605073030792239,9.592558207065037,9.595475654484213,9.59033172317759,9.594910307767554,9.605168845953331,9.593948201123997,9.59925644699497
9.43795644697239,9.441012054272107,9.433355489656327,9.427903648885895,9.433581994529286,9.436768629954738,9.429615696417558,9.423208933495841,9.433534427075566,9.439604614133504,9.426054948880411,9.437778702766865,9.433447962074691,187,-1,9.604387952448258,9.603724994470962,9.611672911910494,9.586770933290227,9.601739556968338,9.603968979513471,9.602184347911448,9.594629399514961,9.597203970029675,9.604086192319677,9.593883689902318,9.60593933087832,9.601046338211388
9.413932033529397,9.42629511743307,9.435704951421448,9.43255875012918,9.421153839255737,9.341861727972791,9.431354707979734,9.4376676567123,9.417907298822826,9.043076753715578,9.430402237470586,9.4359126418817,9.427132567518226,188,1,9.57428163486679,9.589508425088685,9.612173558199562,9.604639416322724,9.585521879848796,9.511632263265987,9.599215113223385,9.604639536648508,9.5767102001979,9.205540850439434,9.600735543826893,9.621773103492648,9.591228422392698
9.425758473626745,9.429427167490832,9.42933893954123,9.432960038791203,9.426061303360822,9.426842193841328,9.426813168259217,9.434543837916191,9.418588242152422,9.434269530559348,9.42669874930892,9.42992167628794,9.424800453803789,189,-1,9.598671144169634,9.60720145776865,9.612013468106497,9.610550374824774,9.605672692857587,9.608463896438044,9.601289574910949,9.61314894172703,9.594287974435996,9.609355387168623,9.596791251985598,9.604523795195824,9.601673602260004
9.44510498607995,9.462804013750173,9.433675891204318,9.435540111846878,9.449908426731241,9.494113045302802,9.43268967935896,9.432355160128486,9.453184846682277,9.449508714133042,9.429210607951454,9.430113515907104,9.46343851056603,190,1,9.594764262389498,9.588160906474148,9.604576716260908,9.579631300023761,9.604577410059226,9.605458152237421,9.591761863489,9.564366683960719,9.5848941927091,9.605212029686262,9.574656634195096,9.584182486263412,9.602364846092287
9.418887478109985,9.420854992219136,9.430068991783637,9.420983284535563,9.42430281773577,9.420412761469317,9.423975163788889,9.426118173494688,9.409596136743378,9.419658070728744,9.433800811091562,9.429641329212302,9.420839251397961,191,-1,9.615503864920287,9.60417212435551,9.588255460080601,9.59053775047587,9.608246895992984,9.608999996330748,9.595135706139551,9.58211996899869,9.602101302545359,9.615696892970735,9.602893701472833,9.59908450593636,9.605275877091003
9.442438893309818,9.446291641579982,9.420776977368318,9.444775072102024,9.437276383750254,9.443959363037528,9.430070255080688,9.440390816292787,9.435060947706084,9.443220317519732,9.44394735434718,9.427211830087828,9.440562524897167,192,1,9.60342861731294,9.610522971391577,9.593597701486926,9.617535897694701,9.596035328235862,9.605469970543878,9.591470023484884,9.625467022683107,9.596771877979316,9.603230014345932,9.621283476581402,9.601040705584476,9.599181745478191
9.440272788104673,9.442291042446268,9.435163975749992,9.440621432223413,9.44165284364118,9.440523443186873,9.433721454987992,9.448145379948821,9.429413771850992,9.446040782576944,9.44299679127692,9.432714673944856,9.439881644541984,193,-1,9.60822275424992,9.606411291401983,9.596932618555789,9.606269324859731,9.611127968008217,9.608917895631938,9.599143335491929,9.610380540084378,9.599605121265832,9.619350993377639,9.599683116810862,9.591367631942143,9.606842917419446
9.423322089179692,9.424095809684422,9.432073753454757,9.421121083423627,9.431175029819236,9.427942827989272,9.43596313456533,9.423365481377495,9.415300462422795,9.428336785112027,9.425353288772547,9.430307733219891,9.430431566544057,194,1,9.575139917570068,9.56368037340672,9.602940121754688,9.569910591153356,9.59358466711981,9.574036226984292,9.606095500965413,9.575105569424604,9.558787072326526,9.584645775446326,9.579204515493506,9.58612813755848,9.595836834348502
9.4260986857979,9.419995881252323,9.429092279058139,9.418951363358307,9.424736469137518,9.421546925574686,9.42641310071173,9.431784016845889,9.407212331445182,9.428310489793482,9.425862818876801,9.431827798229913,9.428154247291882,195,-1,9.595579749739773,9.589612105067769,9.604458281353155,9.589542491386101,9.595275522781522,9.588730889306355,9.59569009048177,9.594241348565484,9.57634662809848,9.596213729721072,9.59053330401395,9.59468644820105,9.596726967191822
9.432655852333859,9.431824535673986,9.42809335266932,9.429644617735189,9.440218955819738,9.435768549566292,9.435720949899691,9.422510183422753,9.419980468084953,9.438945396843634,9.426881133470966,9.430993338952272,9.436493767778627,196,1,9.614345355698397,9.612222631881965,9.583672970103985,9.601170870211119,9.614608546165385,9.61597523128714,9.59802688143194,9.593498140157257,9.60954232364542,9.618888952070364,9.604673862610678,9.600322332143573,9.610309953265109
9.433245732165128,9.431860266599172,9.434723644892163,9.432706599367677,9.433891996793827,9.43314322672247,9.435938314868155,9.430347123593172,9.425352577844608,9.432479750153458,9.42258563073857,9.428506562469037,9.435968505692806,197,-1,9.597421059949891,9.5908972898316,9.599826150223885,9.594837755906688,9.595969938706142,9.588759979125372,9.59982903217926,9.599872426671562,9.58705525724665,9.593406275668174,9.59679277991,9.600380197127139,9.601058566534064
9.429875072746594,9.425121275925443,9.429372370141378,9.426663134183503,9.42630176570109,9.422217602556966,9.432544808180275,9.433538053722076,9.414993757046926,9.42791775002759,9.434835193507059,9.431054284090747,9.431293127451838,198,1,9.593011841217594,9.599762658506737,9.601870587746717,9.599512802687391,9.597483620709072,9.601575247415091,9.59699835889973,9.614626057709318,9.589183733076524,9.596634913962825,9.609983117568383,9.598755073099133,9.598242490395798
9.428209144815334,9.429498564984765,9.432997672657123,9.43274373715728,9.431690696118453,9.429256893373617,9.433023134439578,9.435724239856835,9.411412161271125,9.424342278185355,9.450501673572349,9.433499847190374,9.431149282594724,199,-1,9.593509864324588,9.595107893548976,9.619244344251559,9.609005252780696,9.60132649728657,9.590755012815775,9.607425488888099,9.624015558625464,9.577642343894158,9.595756148054923,9.610331158087988,9.608184449555484,9.60093485116053
